call,368
å¼,271
free,219
txt,163
u,155
ur,144
text,139
mobil,136
stop,116
claim,115
repli,110
you,102
prize,94
get,87
your,80
to,78
won,73
tone,73
servic,72
nokia,72
p,70
send,69
new,69
award,66
urgent,63
win,62
week,62
cash,62
contact,61
now,59
no,59
phone,58
pleas,57
min,54
custom,51
tc,50
guarante,50
collect,50
per,46
messag,45
chat,45
box,45
ppm,44
thi,41
offer,39
number,39
i,39
draw,39
tri,38
we,37
receiv,37
line,37
latest,37
go,37
voucher,36
today,36
day,36
show,35
landlin,34
msg,33
for,33
everi,33
camera,33
holiday,32
want,31
select,31
rington,31
video,30
st,30
pobox,30
po,30
live,30
just,30
appli,30
rate,29
code,29
chanc,29
orang,28
cost,28
network,27
end,27
date,27
await,27
the,26
sm,26
poli,26
pmin,26
know,26
entri,26
uk,25
mob,25
game,25
weekli,24
pound,24
valid,23
r,23
m,23
help,23
find,23
charg,23
c,23
back,23
word,22
hr,22
dont,22
attempt,22
ye,21
special,21
sae,21
pic,21
onli,21
gift,21
deliveri,21
bonu,21
b,21
yr,20
tsc,20
play,20
nd,20
music,20
club,20
wk,19
wait,19
updat,19
unsubscrib,19
time,19
take,19
see,19
name,19
credit,19
account,19
a,19
tell,18
privat,18
price,18
mth,18
land,18
join,18
expir,18
doubl,18
colour,18
top,17
order,17
final,17
winner,16
unredeem,16
statement,16
point,16
pmsg,16
next,16
mobileupd,16
identifi,16
hi,16
friend,16
enter,16
dear,16
auction,16
age,16
xma,15
thank,15
sexi,15
oper,15
match,15
ltd,15
if,15
hot,15
had,15
camcord,15
wkli,14
wan,14
think,14
t,14
start,14
someon,14
shop,14
cs,14
content,14
congratul,14
year,13
worth,13
weekend,13
savamob,13
real,13
quiz,13
optout,13
opt,13
mate,13
make,13
like,13
last,13
im,13
half,13
easi,13
do,13
cd,13
xxx,12
x,12
rental,12
player,12
nation,12
minut,12
look,12
k,12
ipod,12
info,12
import,12
good,12
from,12
freemsg,12
fanci,12
enjoy,12
eg,12
dog,12
current,12
complimentari,12
caller,12
as,12
anytim,12
ampm,12
valu,11
use,11
sex,11
pl,11
need,11
motorola,11
invit,11
hmv,11
great,11
g,11
follow,11
fantasi,11
welcom,10
wap,10
unlimit,10
txting,10
tomorrow,10
term,10
sub,10
speak,10
sent,10
secret,10
s,10
reward,10
repres,10
question,10
part,10
one,10
ntt,10
news,10
na,10
more,10
month,10
miss,10
love,10
ldn,10
inform,10
girl,10
f,10
either,10
direct,10
custcar,10
congrat,10
comp,10
choos,10
babe,10
admir,10
wwwgetzedcouk,9
summer,9
subscrib,9
std,9
reveal,9
re,9
pm,9
out,9
our,9
n,9
is,9
fun,9
flag,9
england,9
discount,9
digit,9
del,9
chariti,9
bluetooth,9
best,9
user,8
us,8
ufind,8
tnc,8
sunshin,8
store,8
specialcal,8
soni,8
rreveal,8
rowwjhl,8
night,8
member,8
lucki,8
it,8
inc,8
hl,8
hgsuiteland,8
give,8
freephon,8
euro,8
entitl,8
detail,8
btnationalr,8
bid,8
area,8
answer,8
activ,8
access,8
within,7
with,7
whi,7
well,7
wb,7
visit,7
unsub,7
tenerif,7
still,7
spree,7
sport,7
sol,7
skxh,7
saturday,7
remov,7
rcvd,7
plu,7
onto,7
may,7
maxim,7
loyalti,7
log,7
horni,7
have,7
guess,7
gr,7
got,7
gb,7
flight,7
fantast,7
extra,7
even,7
etc,7
e,7
dvd,7
download,7
croydon,7
cr,7
could,7
costa,7
cashin,7
cashbal,7
care,7
bill,7
zed,6
wwq,6
vodafon,6
vari,6
uve,6
tv,6
toclaim,6
titl,6
tariff,6
stockport,6
standard,6
sipix,6
singl,6
should,6
regist,6
record,6
readi,6
quot,6
pick,6
pc,6
pass,6
over,6
on,6
o,6
normpton,6
mp,6
meet,6
maxmin,6
luck,6
link,6
keep,6
httpwwwurawinnercom,6
hour,6
holder,6
handset,6
guy,6
goto,6
gay,6
frnd,6
fone,6
first,6
costå¼pm,6
cc,6
bx,6
book,6
ask,6
asap,6
arriv,6
arcad,6
announc,6
an,6
å¼wk,5
xx,5
xpwk,5
xchat,5
wwwtcbiz,5
wwwcomuknet,5
will,5
wid,5
what,5
voda,5
videophon,5
videochat,5
v,5
there,5
th,5
talk,5
surpris,5
subscript,5
spook,5
sonyericsson,5
sim,5
rpli,5
rentl,5
recent,5
reach,5
ptone,5
post,5
polyphon,5
poboxwwq,5
place,5
partner,5
ok,5
offici,5
nolin,5
must,5
luv,5
logo,5
login,5
locat,5
local,5
loan,5
linerent,5
let,5
java,5
ip,5
inclus,5
in,5
immedi,5
how,5
hey,5
gbp,5
flirt,5
eve,5
eeri,5
dload,5
decemb,5
cup,5
cum,5
crazi,5
condit,5
comput,5
come,5
co,5
click,5
cant,5
cancel,5
bt,5
break,5
alert,5
youv,4
yer,4
wwx,4
wwwringtonescouk,4
wwwldewcomwinppmxag,4
would,4
wcnxx,4
vip,4
upgrad,4
txtin,4
txtauction,4
trip,4
tonight,4
tkt,4
tenant,4
stoptxt,4
sptyron,4
sky,4
set,4
santa,4
sale,4
ring,4
review,4
refus,4
refer,4
ref,4
rcv,4
ralli,4
qxj,4
q,4
purpos,4
porn,4
pod,4
pmsgrcvdhgsuitelandsrowwjhl,4
origin,4
ntwk,4
noth,4
nite,4
netcollex,4
muz,4
mono,4
money,4
mobi,4
london,4
largest,4
ibiza,4
hotel,4
hope,4
futur,4
fromm,4
freefon,4
forward,4
film,4
fa,4
excit,4
eng,4
eca,4
done,4
deliv,4
daili,4
d,4
cwwx,4
cust,4
countri,4
correct,4
contract,4
connect,4
cm,4
close,4
check,4
cheap,4
card,4
can,4
brand,4
bore,4
bahama,4
away,4
app,4
ansr,4
ae,4
adult,4
address,4
ad,4
action,4
ac,4
yesterday,3
xxxxxxxxx,3
xxxxxxx,3
wu,3
wp,3
work,3
wont,3
when,3
voicemail,3
via,3
verifi,3
validhr,3
valentin,3
uz,3
uu,3
ts,3
truli,3
true,3
town,3
tour,3
tmobil,3
till,3
ticket,3
thing,3
themob,3
that,3
textoper,3
team,3
tcsstop,3
tcrw,3
suprman,3
suppli,3
super,3
subpoli,3
stay,3
starwar,3
star,3
sp,3
sorri,3
soon,3
song,3
skilgm,3
sk,3
six,3
simpli,3
shortli,3
shag,3
sept,3
score,3
save,3
sauci,3
sam,3
rude,3
right,3
result,3
renew,3
receipt,3
recd,3
pwk,3
purchas,3
provid,3
profit,3
previous,3
press,3
postcod,3
polyph,3
pocketbabecouk,3
pmtmsgrcvd,3
pix,3
php,3
photo,3
person,3
peopl,3
penc,3
password,3
pari,3
orstoptxt,3
or,3
notic,3
not,3
newest,3
nat,3
ms,3
moon,3
mobilesdirect,3
mix,3
mind,3
men,3
med,3
maxå¼,3
matrix,3
mani,3
male,3
logop,3
liverpool,3
littl,3
listen,3
lion,3
life,3
ldnwh,3
laid,3
king,3
kick,3
kept,3
infowwwpercentrealcom,3
id,3
ibhltd,3
homeown,3
hol,3
hit,3
high,3
hgsuitelandsrowwjhl,3
helpp,3
hello,3
heart,3
heard,3
hear,3
hard,3
halloween,3
goal,3
germani,3
genuin,3
gbpweek,3
gbpmtmsg,3
flower,3
five,3
ever,3
energi,3
dream,3
deliveredtomorrow,3
cross,3
comuk,3
competit,3
compani,3
citi,3
cinema,3
chosen,3
choic,3
children,3
chart,3
celeb,3
callback,3
bxipw,3
buy,3
boxqu,3
boxnqp,3
biggest,3
bcm,3
ave,3
avail,3
arsen,3
are,3
and,3
amaz,3
am,3
also,3
alon,3
all,3
alfi,3
advis,3
abta,3
å¼perwksub,2
å¼msg,2
å¼morefrmmob,2
å¼k,2
yet,2
yahoo,2
xxxxxx,2
wwwwincouk,2
wwwtxttowincouk,2
wwwtxtshopcom,2
wwwtxtcom,2
wwwtextpodnet,2
wwwtextcompcom,2
wwwsmsconet,2
wwwsmsacunat,2
wwwmovietriviatv,2
wwwldewcomsubswinppmx,2
wwwldewcom,2
wwwidewcom,2
wwwdbuknet,2
wwwcom,2
wrc,2
wow,2
world,2
wordstart,2
wkentp,2
wj,2
wiv,2
wish,2
winaweek,2
widelivecomindex,2
wicklow,2
wet,2
westlif,2
weekstop,2
wed,2
web,2
warranti,2
warner,2
warm,2
wallpap,2
wa,2
vu,2
visionsmscom,2
virgin,2
violet,2
villag,2
videosound,2
ve,2
usher,2
upto,2
upload,2
updatenow,2
upd,2
up,2
untam,2
unkempt,2
uniqu,2
unbreak,2
unabl,2
txtno,2
txtauctiontxt,2
twilight,2
tulip,2
tscswinawkag,2
tsandc,2
travel,2
trav,2
total,2
tonesyoucouk,2
tonesu,2
todayfrom,2
thur,2
they,2
these,2
then,2
textpod,2
textbuddi,2
tctxt,2
tcsbcmwcnxx,2
symbol,2
swss,2
sw,2
support,2
suit,2
sue,2
subscribegbpmnth,2
strongbuy,2
street,2
straight,2
str,2
stoptxtstop,2
stamp,2
ss,2
sptv,2
speedchat,2
spanish,2
space,2
sound,2
somebodi,2
so,2
skillgam,2
sing,2
sinc,2
sign,2
shracomorsglsuplt,2
self,2
seed,2
secretli,2
sec,2
search,2
scotsman,2
satisfi,2
sat,2
rstm,2
ringtoneget,2
retriev,2
respons,2
respond,2
reschedul,2
request,2
remind,2
receivea,2
realiti,2
reader,2
ratetc,2
randomli,2
randi,2
quizwin,2
questionstd,2
qualiti,2
på¼,2
pub,2
ptxt,2
pt,2
psm,2
prompt,2
promo,2
prepay,2
premium,2
premier,2
pptxt,2
ppermesssubscript,2
potter,2
polyh,2
polo,2
poboxwtgp,2
pmtmsg,2
pmsgp,2
picsfre,2
phoenix,2
peak,2
pday,2
pay,2
pack,2
oz,2
orig,2
old,2
ofå¼,2
ofwd,2
offerth,2
of,2
ocoukgam,2
nyt,2
nowt,2
nowski,2
notxtcouk,2
norm,2
nok,2
natalja,2
nasdaq,2
mxi,2
munster,2
mtalk,2
msgsp,2
msgp,2
mr,2
movi,2
mobno,2
mobilesvari,2
mnth,2
mila,2
mid,2
membership,2
meetgreet,2
mbp,2
mayb,2
marri,2
mailbox,2
mad,2
luxuri,2
lux,2
lucozadecoukwrc,2
lucozad,2
luci,2
lshb,2
ls,2
lp,2
loyal,2
lover,2
lotr,2
lot,2
lost,2
lookatm,2
lionp,2
lionm,2
lili,2
lifetim,2
leav,2
learn,2
le,2
ldnwarw,2
lccltd,2
ladi,2
la,2
knock,2
kl,2
kickoff,2
juli,2
jsco,2
jordantxt,2
jordan,2
jamster,2
jackpot,2
itcould,2
issu,2
island,2
iscom,2
invad,2
interflora,2
instruct,2
indic,2
increment,2
incred,2
includ,2
improv,2
ibh,2
hungri,2
hubbi,2
httpwwwetlpcoukexpressoff,2
httptm,2
httpcareer,2
housew,2
horo,2
home,2
hlp,2
henri,2
helplin,2
harri,2
hardcor,2
grow,2
granit,2
ghost,2
gga,2
gettin,2
getstop,2
georg,2
gent,2
gender,2
gaytextbuddycom,2
garden,2
gamestar,2
funk,2
fri,2
freesend,2
freeday,2
forget,2
footbal,2
foley,2
fml,2
fixedlin,2
fix,2
filthi,2
fil,2
feel,2
fastest,2
eye,2
explos,2
explicit,2
exorcist,2
everyon,2
eurodisinc,2
envelop,2
enough,2
email,2
eir,2
eastend,2
due,2
duchess,2
drop,2
drive,2
drink,2
dracula,2
dot,2
donat,2
discreet,2
di,2
dayfind,2
dave,2
dateboxessexcmxn,2
darl,2
csh,2
cruis,2
crbt,2
cornwal,2
consol,2
complet,2
compar,2
commun,2
class,2
clair,2
chg,2
cheaper,2
channel,2
cha,2
center,2
cdgt,2
cashto,2
canari,2
cameravideo,2
cam,2
callså¼minmoremobsemspoboxpowa,2
callså¼minmobsmorelkpoboxhpfl,2
calloptoutndx,2
calloptoutlf,2
calloptout,2
callfreefon,2
callcost,2
by,2
busi,2
burger,2
bulb,2
btooth,2
btnation,2
brought,2
britney,2
british,2
bring,2
breath,2
bray,2
boy,2
boxskch,2
blu,2
blow,2
bloombergcom,2
bloomberg,2
blond,2
blind,2
big,2
believ,2
befor,2
bear,2
be,2
bcmwcnxx,2
bank,2
balanc,2
babi,2
august,2
arrang,2
around,2
aom,2
anoth,2
among,2
algarv,2
aj,2
ag,2
addamsfa,2
adam,2
acoentri,2
aclpm,2
accid,2
ûïharri,1
ûï,1
å¼å¼,1
å¼week,1
å¼pmmorefrommobilebremovedmobypoboxlsyf,1
å¼pm,1
å¼perweeksub,1
å¼p,1
å¼month,1
å¼minmobsmorelkpoboxhpfl,1
å¼million,1
å¼ea,1
å¼call,1
å¼award,1
åòit,1
åòharri,1
zs,1
zouk,1
zoe,1
zf,1
zebra,1
yt,1
youto,1
yourinclus,1
youll,1
yoher,1
yo,1
ymca,1
yf,1
yeah,1
yard,1
ya,1
y,1
xå¼pw,1
xyour,1
xxxxx,1
xxxx,1
xxxmobilemovieclubcomnqjkgighjjgcbl,1
xxxmobilemovieclub,1
xxuk,1
xxsp,1
xt,1
xnet,1
xclusiveclubsaisai,1
xafter,1
wwwtklscom,1
wwwtelediscountcouk,1
wwwsmsacunataliek,1
wwwsmsacuhmmross,1
wwwsmsacugoldvik,1
wwwsmsacubootydeli,1
wwwshortbreaksorguk,1
wwwsantacallingcom,1
wwwrtfsphostingcom,1
wwwringtonekingcouk,1
wwwregalportfoliocouk,1
wwwphbcom,1
wwworangecoukow,1
wwwmusictrivianet,1
wwwldewcomwinppmxagesubscript,1
wwwgambtv,1
wwwflirtpartyu,1
wwwcnupdatescomnewslett,1
wwwclubzedcouk,1
wwwclubmobycom,1
wwwcashbincouk,1
wwwbutelecom,1
wwwbridalpetticoatdreamscouk,1
wwwbiz,1
wwwasjesuscom,1
wwwareyouuniquecouk,1
wwwapplausestorecom,1
wtji,1
wt,1
ws,1
wrote,1
wrg,1
wquestion,1
wq,1
wot,1
wordcollect,1
wood,1
women,1
woman,1
wmlidbaeceffffirsttruejul,1
wmlidadafirsttrueåác,1
wktxt,1
wkend,1
wither,1
wirenet,1
winppmxag,1
winnersclub,1
wing,1
wine,1
winawk,1
wildest,1
wild,1
wife,1
whose,1
who,1
where,1
weddingfriend,1
websit,1
webmobil,1
webeburnin,1
wcn,1
wc,1
way,1
wat,1
wamma,1
wallpaperal,1
walk,1
w,1
vpod,1
voucherstext,1
vote,1
villa,1
videop,1
vid,1
vco,1
vatian,1
vat,1
variou,1
uûºv,1
utxt,1
uptown,1
upgrdcentr,1
unsecur,1
unit,1
unicef,1
unclaim,1
ultim,1
ukp,1
ukmobiled,1
type,1
txtì¼,1
txtx,1
txtp,1
txtcom,1
two,1
twink,1
turn,1
tune,1
tsunami,1
trywal,1
tripl,1
trial,1
trebl,1
transfer,1
train,1
trackmarqu,1
toxic,1
touch,1
toppoli,1
tonex,1
tonesrepli,1
ton,1
tom,1
toilet,1
tip,1
tiger,1
thousand,1
thought,1
thnq,1
thmarch,1
thfebtc,1
theyr,1
thesmszonecom,1
theredo,1
themobyo,1
themobhit,1
thedailydraw,1
tgxxrz,1
tfp,1
textsweekend,1
textcomp,1
textand,1
termsappli,1
ten,1
teletext,1
telephon,1
tel,1
teenag,1
tddnewsletteremccouk,1
tcsc,1
tcsbcmwcnxxcallcostppmmobilesvari,1
tcllc,1
tbspersolvo,1
tb,1
tattoo,1
tarot,1
ta,1
sxi,1
swat,1
swap,1
svc,1
suzi,1
survey,1
supplier,1
superb,1
sun,1
sullivan,1
sugabab,1
suffici,1
subsequ,1
subscrit,1
subscriptngbpwk,1
subject,1
stuff,1
stterm,1
strt,1
strong,1
stroke,1
strip,1
string,1
stream,1
stori,1
stoptxtstopå¼week,1
stoptx,1
stopstop,1
stopsmsppm,1
stopsm,1
stopcost,1
stopc,1
stopbcm,1
stolen,1
sticki,1
stewarts,1
stereophon,1
stdtxtrate,1
stchoicecouk,1
station,1
stadium,1
sprwm,1
sppok,1
splashmobil,1
spjanuari,1
spiderman,1
spider,1
speed,1
sparkl,1
spam,1
soundtrack,1
sort,1
someonon,1
soire,1
snappi,1
snap,1
sn,1
smsshsexnetun,1
smsservic,1
smithswitch,1
smash,1
smartthough,1
smartcal,1
smart,1
slower,1
slow,1
slomsg,1
slo,1
slide,1
sleepingwith,1
skip,1
skin,1
skillgamewinaweek,1
skill,1
skilgmetscswinawkageå¼perwksub,1
sir,1
simpson,1
simpl,1
simonwatson,1
sic,1
shot,1
shortcod,1
shit,1
shinco,1
shi,1
sf,1
sexychat,1
sexual,1
sextextukcom,1
sexiest,1
serv,1
sender,1
sell,1
seem,1
sed,1
secur,1
season,1
scotland,1
scammer,1
scalli,1
saristar,1
sara,1
sang,1
same,1
run,1
rtking,1
rpl,1
rp,1
row,1
round,1
rose,1
room,1
romcapspam,1
romant,1
rodger,1
rodd,1
rock,1
rip,1
ringtoneåá,1
ringtonek,1
ringtonefrom,1
ringsreturn,1
rgent,1
rgd,1
rg,1
resubmit,1
resub,1
restrict,1
resent,1
repeat,1
releas,1
regular,1
regard,1
refundedthi,1
ree,1
redeem,1
red,1
recpt,1
reciev,1
recdthirtyeight,1
rec,1
realli,1
realiz,1
read,1
rct,1
rcd,1
rayman,1
radio,1
racal,1
quizclub,1
queri,1
qlynnbv,1
px,1
pw,1
put,1
pushbutton,1
ptext,1
psychic,1
psp,1
proze,1
promot,1
promis,1
profession,1
prod,1
process,1
pro,1
prizeto,1
prizeswith,1
prizeawait,1
privaci,1
previou,1
presley,1
presid,1
presenc,1
prescripiton,1
prem,1
prebook,1
prcvd,1
pptxnormal,1
ppmsg,1
ppmpoboxbhambx,1
potenti,1
posh,1
popcornjust,1
polytruepixringtonesgam,1
polyp,1
polyc,1
polic,1
pole,1
poboxtcrw,1
poboxoxwwq,1
poboxowwq,1
poboxntfp,1
poboxntf,1
poboxldn,1
pmt,1
pmsgrcvd,1
pmeg,1
plyr,1
planettalkinstantcom,1
pink,1
pin,1
pictxt,1
pictur,1
phoni,1
ph,1
pg,1
pete,1
perfect,1
pdatenow,1
paus,1
passion,1
parti,1
park,1
parisfre,1
panther,1
panason,1
paid,1
page,1
packag,1
outgo,1
outbid,1
ou,1
other,1
otbox,1
oroptouthvd,1
orno,1
optoutdwv,1
optin,1
opinion,1
open,1
oncal,1
olymp,1
okmail,1
oja,1
oh,1
offic,1
nyusa,1
nytecalpmsgp,1
nt,1
nr,1
nqp,1
nowus,1
nowtc,1
nowsend,1
nowsavamobmemb,1
nowrepli,1
noworriesloanscom,1
nownyt,1
novemb,1
notifi,1
notif,1
normal,1
norcorp,1
nookii,1
nokiap,1
nikiyunet,1
nick,1
nichol,1
ngage,1
never,1
neo,1
nearli,1
natali,1
nasti,1
nake,1
mytonecomenjoy,1
mysteri,1
mymobi,1
my,1
mustprovid,1
much,1
msgå¼rcvd,1
msgwe,1
msgticketkioskvalid,1
msgsubscript,1
msgrcvd,1
mre,1
mquiz,1
morro,1
morow,1
moro,1
monthlysubscriptionpmsg,1
monthli,1
monoc,1
mobstorequizppm,1
mobsicom,1
mobcudb,1
moan,1
mmsto,1
mm,1
mk,1
mjzgroup,1
mistak,1
minstxtmth,1
minstext,1
minscal,1
mini,1
minapn,1
midnight,1
mg,1
mfl,1
mf,1
met,1
messagethank,1
messagestext,1
messagesim,1
menu,1
mega,1
meetin,1
meal,1
me,1
mcflyall,1
maxmonth,1
maximum,1
matthew,1
mat,1
mask,1
marvel,1
marsm,1
marley,1
market,1
margin,1
maq,1
maniac,1
mandi,1
manchest,1
man,1
made,1
macedonia,1
lyricalladief,1
ltdå¼mtmsgrcvd,1
ltdhelpdesk,1
lsbb,1
lowcost,1
loung,1
lose,1
lord,1
lookin,1
lone,1
logosmusicnew,1
logon,1
load,1
lnli,1
ll,1
lkpoboxhpfl,1
lingeri,1
libertin,1
ler,1
legitimat,1
left,1
leadership,1
lead,1
lawu,1
laugh,1
late,1
lastest,1
larg,1
lapdanc,1
landmark,1
landlineonli,1
laidwant,1
ladiesu,1
knicker,1
kit,1
kiosk,1
kingdom,1
kinda,1
keyword,1
key,1
ken,1
kbsubject,1
kath,1
karaok,1
jx,1
june,1
jst,1
jorgeshock,1
jock,1
jersey,1
jeri,1
januari,1
janinexx,1
jane,1
jamz,1
jamsterget,1
jamstercouk,1
jame,1
j,1
ive,1
ithi,1
item,1
internetservic,1
instantli,1
instant,1
instal,1
infovipclubu,1
infotxtcouk,1
inforingtonekingcouk,1
india,1
incorrect,1
inclu,1
ill,1
ignor,1
ig,1
idiot,1
ice,1
hvae,1
hurri,1
hunk,1
httpwwwwtlpcouktext,1
httpwwwgrprizescom,1
httpwwwetlpcoukreward,1
httpwwwbubbletextcom,1
httpwap,1
httpimg,1
httpgotbabescouk,1
httpdoit,1
httpaltocoukwavewaveaspo,1
html,1
hp,1
howev,1
hous,1
hottest,1
hotmix,1
horniest,1
hoodi,1
hockey,1
him,1
highest,1
hide,1
hero,1
here,1
helloy,1
helen,1
held,1
headset,1
havin,1
havent,1
hava,1
happi,1
hack,1
gsoh,1
gsex,1
grprize,1
gravel,1
graphic,1
gpr,1
gotto,1
goten,1
gossip,1
goodi,1
golf,1
goldvik,1
golddigg,1
gold,1
god,1
goalsteam,1
gnarl,1
gmw,1
global,1
glad,1
giv,1
gigolo,1
getzedcouk,1
gbpsm,1
gbpmonth,1
funki,1
fund,1
frogaxel,1
frog,1
freeringtonerepli,1
freerington,1
freenokia,1
freemsgfeelin,1
freemsgfav,1
freemessag,1
freeentri,1
fraction,1
four,1
found,1
forå¼,1
format,1
footi,1
folk,1
fmyou,1
flyng,1
floppi,1
fit,1
fink,1
finest,1
filthyguy,1
filth,1
fifa,1
fgkslpopw,1
fgkslpo,1
femal,1
feb,1
featur,1
faster,1
fast,1
farrel,1
fan,1
fall,1
fail,1
fact,1
eå¼nd,1
ez,1
eyeddont,1
extrem,1
expiri,1
experiencehttpwwwvouchmecometlpdiningasp,1
exp,1
exit,1
europ,1
error,1
erot,1
er,1
em,1
elvi,1
els,1
ehrr,1
egg,1
egf,1
efreefon,1
ecstaci,1
echo,1
easter,1
drvgsto,1
drawpleas,1
dp,1
dozen,1
doubletxt,1
doublemin,1
dorothykiefercom,1
door,1
dontcha,1
dointerest,1
doggin,1
dob,1
dizze,1
divorc,1
disast,1
dirtiest,1
dirti,1
dine,1
die,1
did,1
dick,1
diall,1
dial,1
devil,1
detroit,1
dept,1
dena,1
delux,1
deltomorrow,1
definit,1
deepest,1
deck,1
deal,1
daytim,1
datingi,1
dartboard,1
darkest,1
dark,1
da,1
cute,1
customersqueriesnetvisionukcom,1
customercar,1
cumin,1
cst,1
cro,1
cred,1
creat,1
crazyin,1
coupl,1
costå¼max,1
cop,1
coolmob,1
cool,1
continu,1
confirm,1
concert,1
conact,1
comukcm,1
complementari,1
compens,1
colourredtextcolourtxtstar,1
colin,1
coincid,1
codexx,1
cock,1
cocacola,1
cnl,1
cncl,1
cmon,1
clubmobilescom,1
closingd,1
clip,1
classic,1
claimcod,1
christma,1
chrgdp,1
chloe,1
chitchat,1
child,1
chik,1
chatter,1
chatlin,1
chatim,1
chase,1
chargedpmsg,1
chap,1
chang,1
champney,1
challeng,1
cfcaa,1
ccpmin,1
cast,1
cashbincouk,1
carli,1
career,1
capit,1
cannam,1
came,1
callså¼minmobsmor,1
callsppm,1
calloptoutyhl,1
calloptoutqf,1
calloptoutjq,1
calloptoutj,1
calloptouthf,1
calloptoutfq,1
busti,1
burn,1
bundl,1
buffi,1
buddi,1
bu,1
brows,1
brother,1
breaker,1
boxwrc,1
boxskwpppm,1
boxm,1
boxcpm,1
bout,1
bought,1
borin,1
bootydeli,1
bookmark,1
boltblu,1
bob,1
bluetoothhdset,1
bloke,1
block,1
black,1
biz,1
bitch,1
birthday,1
bird,1
bin,1
bewar,1
better,1
bergkamp,1
benefit,1
ben,1
begin,1
beg,1
bedroom,1
becom,1
becausethey,1
bcmsfwcnxx,1
bblue,1
bbdelux,1
bbc,1
barri,1
barkley,1
barbi,1
bannfwflyppm,1
banneduk,1
bangbab,1
bangb,1
band,1
ban,1
ball,1
bailiff,1
badass,1
bad,1
backdoor,1
babygoodby,1
aå¼,1
avbl,1
availa,1
australia,1
asian,1
artist,1
arrow,1
ari,1
apr,1
approx,1
anyon,1
anonym,1
annonc,1
anim,1
ani,1
anetwork,1
ami,1
amanda,1
alreadi,1
along,1
allow,1
alertfrom,1
akonlon,1
airport,1
agreen,1
ageppermesssubscript,1
agent,1
after,1
afraid,1
advisor,1
adrian,1
adp,1
acwicmbcktzr,1
acsmsreward,1
accordingli,1
accommodationvouch,1
accommod,1
abus,1
abroad,1
aberdeen,1
ab,1
