i,1448
u,987
im,452
go,416
get,364
come,292
call,287
ltgt,276
ok,272
dont,257
know,244
got,244
like,242
ur,240
ill,238
love,234
good,223
time,220
day,219
you,213
want,212
it,194
how,187
need,175
one,170
lor,160
home,160
sorri,153
think,152
see,152
still,146
no,145
take,141
but,141
what,140
that,140
tell,138
say,138
send,135
n,135
make,134
later,134
today,133
da,132
work,131
r,131
so,129
if,129
back,129
hi,128
well,126
ask,126
my,124
ì,120
hope,119
happi,118
cant,118
meet,117
miss,116
much,112
do,112
thing,111
oh,111
night,110
wat,108
and,108
hey,106
give,105
d,102
great,101
way,100
pl,99
the,97
just,97
dear,97
na,96
wait,95
feel,92
your,91
right,91
have,91
friend,89
alreadi,89
we,88
thank,88
let,87
are,87
text,86
said,86
yeah,85
realli,85
pick,85
he,85
phone,84
can,84
even,83
leav,82
amp,82
wan,81
morn,81
a,81
tomorrow,80
pleas,79
didnt,79
e,78
co,78
sure,77
tri,75
care,75
sleep,74
she,74
life,74
babe,74
anyth,74
lol,73
ive,73
would,72
week,72
is,72
ye,71
smile,71
k,71
buy,71
keep,70
wish,69
watch,69
someth,69
number,68
also,68
new,67
finish,67
last,66
year,65
b,63
not,62
messag,62
went,61
msg,61
use,60
place,60
look,60
c,60
gon,59
free,59
around,59
then,58
sent,58
plan,58
tonight,57
nice,57
late,57
talk,56
soon,56
person,56
mani,56
guy,56
first,56
alway,56
ya,55
us,55
start,55
me,55
dun,55
told,53
thi,53
money,53
gud,53
did,53
could,53
ìï,52
when,52
mean,52
in,52
find,52
wont,51
check,51
thk,50
repli,50
happen,50
where,49
lot,49
yet,48
peopl,48
haha,48
v,47
thought,47
hello,47
fuck,47
will,46
someon,46
reach,46
next,46
hour,46
stop,45
lunch,45
job,45
havent,45
fine,45
eat,45
done,45
class,45
minut,44
man,44
car,44
bit,44
yup,43
stuff,43
never,43
y,42
there,42
mayb,42
long,42
heart,42
dat,42
all,42
worri,41
th,41
problem,41
end,41
better,41
x,40
god,40
girl,40
everi,40
drive,40
cool,40
wonder,39
quit,39
or,39
mind,39
may,39
help,39
at,39
room,38
pay,38
month,38
min,38
lar,38
best,38
name,37
hous,37
bring,37
boy,37
yo,36
shop,36
readi,36
kiss,36
sweet,35
shit,35
put,35
liao,35
ju,35
guess,35
dinner,35
birthday,35
big,35
anoth,35
world,34
word,34
sir,34
show,34
rememb,34
noth,34
might,34
actual,34
wa,33
stay,33
probabl,33
now,33
earli,33
aight,33
thanx,32
special,32
princess,32
pa,32
hurt,32
ever,32
enjoy,32
den,32
chang,32
book,32
bed,32
wake,31
two,31
run,31
luv,31
forgot,31
dunno,31
di,31
as,31
anyway,31
they,30
hear,30
dad,30
bu,30
bad,30
babi,30
am,30
ah,30
walk,29
shall,29
school,29
leh,29
left,29
id,29
face,29
everyth,29
without,28
tmr,28
pain,28
made,28
afternoon,28
wif,27
weekend,27
test,27
sat,27
read,27
play,27
on,27
nite,27
mail,27
lose,27
live,27
littl,27
enough,27
decid,27
up,26
though,26
sound,26
okay,26
movi,26
lesson,26
hav,26
goe,26
doesnt,26
came,26
abt,26
abl,26
til,25
speak,25
smoke,25
sinc,25
plz,25
offic,25
juz,25
half,25
bath,25
wife,24
whi,24
wen,24
town,24
st,24
real,24
question,24
pm,24
hair,24
frnd,24
dude,24
dream,24
de,24
bore,24
answer,24
account,24
wot,23
who,23
saw,23
oso,23
ltdecimalgt,23
lei,23
hand,23
haf,23
fun,23
food,23
els,23
drink,23
beauti,23
alright,23
tv,22
true,22
si,22
set,22
sch,22
post,22
part,22
onlin,22
must,22
head,22
friendship,22
drop,22
xxx,21
with,21
tot,21
togeth,21
till,21
second,21
sad,21
open,21
mom,21
hold,21
goin,21
full,21
for,21
famili,21
caus,21
away,21
ard,21
yesterday,20
stori,20
search,20
reason,20
oki,20
of,20
noe,20
murder,20
huh,20
detail,20
busi,20
trip,19
treat,19
train,19
touch,19
took,19
studi,19
rite,19
mum,19
coz,19
complet,19
brother,19
awesom,19
aft,19
win,18
wil,18
sm,18
sister,18
prob,18
plu,18
old,18
neva,18
move,18
hr,18
ha,18
forget,18
email,18
easi,18
die,18
close,18
bt,18
believ,18
angri,18
whatev,17
tomo,17
tho,17
simpl,17
point,17
parent,17
mine,17
listen,17
laugh,17
knw,17
join,17
isnt,17
g,17
fri,17
everyon,17
anyon,17
ani,17
address,17
wid,16
uncl,16
ta,16
sun,16
sort,16
smth,16
sit,16
sell,16
seem,16
ring,16
pub,16
park,16
outsid,16
mate,16
kind,16
joke,16
gd,16
found,16
final,16
far,16
exam,16
colleg,16
boytoy,16
after,16
wit,15
valentin,15
type,15
sea,15
return,15
rain,15
project,15
pretti,15
parti,15
oredi,15
onli,15
o,15
nope,15
mu,15
mobil,15
light,15
gone,15
friday,15
drug,15
cut,15
compani,15
chat,15
case,15
carlo,15
be,15
bday,15
bank,15
û,14
wrong,14
whole,14
were,14
w,14
understand,14
to,14
suppos,14
spend,14
snow,14
should,14
scream,14
nt,14
mrng,14
meant,14
kid,14
jay,14
interest,14
import,14
goodmorn,14
gal,14
ga,14
fast,14
eve,14
differ,14
darlin,14
cours,14
contact,14
card,14
break,14
alon,14
youll,13
yar,13
xma,13
which,13
wasnt,13
usual,13
txt,13
tire,13
ticket,13
tht,13
ten,13
song,13
side,13
shower,13
save,13
rock,13
per,13
paper,13
moment,13
march,13
mah,13
least,13
joy,13
hee,13
hard,13
game,13
fren,13
fr,13
forward,13
figur,13
felt,13
earlier,13
dnt,13
confirm,13
chennai,13
charg,13
catch,13
cash,13
bslvyl,13
bout,13
avail,13
ass,13
almost,13
wine,12
wed,12
ugh,12
turn,12
truth,12
tel,12
swing,12
sexi,12
semest,12
seen,12
safe,12
promis,12
pic,12
other,12
ni,12
nd,12
laptop,12
knew,12
john,12
ish,12
invit,12
hungri,12
hospit,12
holiday,12
hit,12
hell,12
gym,12
grin,12
gr,12
fix,12
fill,12
father,12
either,12
eh,12
difficult,12
darren,12
crave,12
coupl,12
cost,12
chikku,12
cheer,12
chanc,12
blue,12
askd,12
ago,12
whenev,11
wana,11
usf,11
teach,11
surpris,11
stand,11
sometim,11
small,11
slowli,11
slow,11
silent,11
rs,11
rent,11
our,11
orchard,11
normal,11
muz,11
marri,11
lovabl,11
lost,11
load,11
kate,11
inform,11
idea,11
hmm,11
frm,11
fight,11
expect,11
download,11
disturb,11
date,11
custom,11
copi,11
comin,11
clean,11
christma,11
an,11
abiola,11
youv,10
yep,10
write,10
wow,10
woke,10
wk,10
water,10
wast,10
voic,10
ure,10
trust,10
support,10
style,10
stupid,10
somewher,10
situat,10
sick,10
short,10
same,10
road,10
remind,10
re,10
rd,10
press,10
pray,10
possibl,10
poor,10
polic,10
pass,10
page,10
otherwis,10
oop,10
natur,10
nah,10
mr,10
monday,10
mm,10
m,10
less,10
india,10
ho,10
gift,10
gave,10
gap,10
from,10
fone,10
fall,10
fact,10
eye,10
excus,10
ex,10
empti,10
door,10
doin,10
doe,10
doctor,10
deep,10
deal,10
cum,10
crazi,10
cover,10
cook,10
convey,10
callertun,10
by,10
bcoz,10
apart,10
ad,10
across,10
ûò,9
yr,9
xy,9
wear,9
warm,9
visit,9
via,9
veri,9
urself,9
unless,9
thinkin,9
teas,9
tampa,9
somebodi,9
share,9
serious,9
saturday,9
rest,9
request,9
regard,9
receiv,9
power,9
player,9
photo,9
opinion,9
onc,9
offer,9
noon,9
nobodi,9
near,9
mrt,9
mode,9
met,9
merri,9
meh,9
mark,9
lucki,9
lover,9
log,9
list,9
line,9
lift,9
lect,9
lazi,9
ladi,9
hmmm,9
hiya,9
had,9
glad,9
forev,9
film,9
especi,9
enter,9
em,9
depend,9
correct,9
comput,9
collect,9
colleagu,9
boss,9
bold,9
bless,9
bill,9
bb,9
basic,9
appreci,9
aint,9
age,9
add,9
accept,9
youd,8
workin,8
weed,8
wednesday,8
tuesday,8
troubl,8
tonit,8
tear,8
sunday,8
success,8
student,8
spent,8
south,8
sofa,8
slept,8
slave,8
sign,8
settl,8
round,8
rose,8
roommat,8
quick,8
price,8
present,8
pleasur,8
pizza,8
pete,8
order,8
omg,8
nyt,8
none,8
nigeria,8
mood,8
mon,8
mo,8
mistak,8
medic,8
manag,8
longer,8
librari,8
letter,8
lem,8
kinda,8
indian,8
il,8
hurri,8
heard,8
gt,8
goodnight,8
gettin,8
funni,8
finger,8
file,8
fat,8
facebook,8
experi,8
din,8
dead,8
daddi,8
credit,8
connect,8
congrat,8
clear,8
choos,8
celebr,8
bother,8
been,8
bak,8
bag,8
anymor,8
alex,8
aha,8
yoga,7
yest,7
xx,7
wun,7
wors,7
weight,7
weather,7
weak,7
vomit,7
vl,7
umma,7
toward,7
tough,7
total,7
torch,7
top,7
thru,7
thnk,7
theyr,7
system,7
suck,7
singl,7
sight,7
sigh,7
shuhui,7
shirt,7
ship,7
shd,7
sens,7
role,7
remov,7
remain,7
relax,7
rather,7
prefer,7
pop,7
piss,7
pictur,7
past,7
out,7
omw,7
news,7
net,7
naughti,7
miracl,7
mid,7
men,7
mei,7
med,7
malaria,7
ma,7
luck,7
lttimegt,7
la,7
kill,7
kick,7
kb,7
izzit,7
irrit,7
insur,7
instead,7
insid,7
imma,7
imagin,7
ice,7
hw,7
hug,7
howev,7
housemaid,7
hot,7
hop,7
honey,7
holla,7
heavi,7
hai,7
greet,7
ge,7
fetch,7
excel,7
energi,7
eatin,7
dollar,7
dog,7
doc,7
discuss,7
definit,7
cuz,7
cute,7
cri,7
coffe,7
cine,7
charact,7
cell,7
buzz,7
bugi,7
buck,7
befor,7
becom,7
batteri,7
bare,7
awak,7
arent,7
ar,7
al,7
air,7
ahead,7
yiju,6
yay,6
yahoo,6
wnt,6
wiv,6
within,6
wherev,6
wer,6
welcom,6
vri,6
vikki,6
version,6
valu,6
updat,6
ull,6
tyler,6
ttyl,6
travel,6
track,6
tick,6
throw,6
theatr,6
tea,6
tat,6
surf,6
sup,6
sunni,6
street,6
stock,6
station,6
spoke,6
space,6
solv,6
skype,6
sim,6
shell,6
seriou,6
self,6
secret,6
s,6
result,6
respond,6
report,6
relat,6
realiz,6
pussi,6
prepar,6
practic,6
plenti,6
pilat,6
paid,6
p,6
nxt,6
num,6
network,6
nake,6
model,6
midnight,6
menu,6
mell,6
matur,6
matter,6
marriag,6
lt,6
lr,6
loverboy,6
loan,6
lmao,6
lie,6
learn,6
lead,6
ki,6
key,6
kalli,6
januari,6
j,6
issu,6
internet,6
inch,6
ignor,6
howz,6
hook,6
hate,6
hang,6
guid,6
group,6
fyi,6
fullonsmscom,6
freak,6
fool,6
fb,6
fault,6
fanci,6
expens,6
exactli,6
evng,6
etc,6
egg,6
donû÷t,6
don,6
directli,6
dint,6
delet,6
decis,6
damn,6
dai,6
current,6
cuddl,6
content,6
consid,6
colour,6
cold,6
coin,6
children,6
childish,6
cheap,6
cancer,6
cancel,6
campu,6
caller,6
cal,6
budget,6
bro,6
boo,6
bird,6
behind,6
bedroom,6
attend,6
ate,6
askin,6
armand,6
arm,6
argument,6
anybodi,6
alrit,6
aiyo,6
aiyah,6
ahmad,6
aftr,6
advanc,6
about,6
yun,5
yogasana,5
ym,5
yan,5
wouldnt,5
white,5
whether,5
vote,5
urgnt,5
uni,5
twice,5
tt,5
transfer,5
transact,5
ti,5
thursday,5
those,5
sum,5
suggest,5
stylish,5
stress,5
step,5
spell,5
somethin,5
social,5
site,5
sing,5
shouldnt,5
servic,5
select,5
sed,5
sec,5
scare,5
sale,5
rush,5
ru,5
rpli,5
ride,5
respons,5
replac,5
rem,5
regist,5
refer,5
recent,5
reali,5
ray,5
rang,5
random,5
ran,5
rais,5
qualiti,5
print,5
predict,5
pple,5
pound,5
possess,5
plane,5
pin,5
piec,5
peac,5
over,5
obvious,5
nw,5
nvm,5
note,5
mrw,5
mother,5
moral,5
moon,5
moan,5
mile,5
messageit,5
match,5
lookin,5
ll,5
link,5
limit,5
lik,5
lick,5
lectur,5
law,5
latr,5
kerala,5
jiu,5
jesu,5
jazz,5
iû÷m,5
italian,5
intro,5
interview,5
includ,5
immedi,5
iam,5
hv,5
hotel,5
hostel,5
horribl,5
hill,5
hasnt,5
googl,5
gentl,5
geeee,5
gee,5
frndship,5
flat,5
feb,5
fail,5
extra,5
express,5
exhaust,5
except,5
everybodi,5
er,5
english,5
enemi,5
embarass,5
earth,5
dress,5
draw,5
doubl,5
donåõt,5
diet,5
didt,5
dey,5
derek,5
deliv,5
darl,5
creat,5
couldnt,5
concentr,5
common,5
clock,5
cinema,5
chines,5
centr,5
cbe,5
cartoon,5
caken,5
cafe,5
cabin,5
bun,5
build,5
broke,5
box,5
bowl,5
boston,5
boost,5
bodi,5
blank,5
black,5
bitch,5
bf,5
belli,5
begin,5
beer,5
becaus,5
bcum,5
bar,5
avoid,5
ave,5
aunti,5
assum,5
asleep,5
art,5
arrest,5
arrang,5
argu,5
area,5
april,5
appoint,5
app,5
amt,5
amount,5
again,5
affair,5
advic,5
ador,5
activ,5
å¼,4
yuo,4
youclean,4
wyli,4
wtf,4
worth,4
woman,4
window,4
weve,4
weird,4
websit,4
wall,4
waitin,4
wah,4
vijay,4
valuabl,4
urn,4
unlimit,4
tuition,4
too,4
tm,4
tih,4
throat,4
three,4
theori,4
thatåõ,4
term,4
templ,4
team,4
taunton,4
talent,4
takin,4
tablet,4
sura,4
suit,4
sugar,4
strong,4
straight,4
store,4
stone,4
spoken,4
spl,4
speed,4
sourc,4
sore,4
sooner,4
some,4
shout,4
shoot,4
sheet,4
shame,4
sha,4
seri,4
season,4
se,4
score,4
salari,4
rule,4
ruin,4
row,4
ron,4
romant,4
roger,4
respect,4
reserv,4
research,4
requir,4
red,4
record,4
realis,4
quot,4
queen,4
qatar,4
push,4
puriti,4
pull,4
public,4
ps,4
process,4
ppl,4
posit,4
pix,4
pig,4
pie,4
password,4
passion,4
pack,4
oz,4
outta,4
oru,4
oni,4
often,4
nyc,4
notic,4
music,4
mumtaz,4
mummi,4
most,4
more,4
moji,4
modul,4
mmm,4
mite,4
meetin,4
meanwhil,4
meal,4
math,4
master,4
map,4
manda,4
maintain,4
magic,4
mad,4
machan,4
loss,4
leona,4
legal,4
leg,4
lay,4
lab,4
kusruthi,4
kkhow,4
king,4
kidz,4
kettoda,4
kept,4
jess,4
jada,4
iû÷ll,4
iåõm,4
iz,4
itplspl,4
iq,4
intellig,4
infern,4
impress,4
idk,4
hip,4
high,4
hella,4
height,4
havnt,4
happend,4
handl,4
grl,4
green,4
graviti,4
grand,4
gram,4
govtinstituit,4
gorgeou,4
godi,4
gentli,4
gener,4
gari,4
futur,4
forum,4
forc,4
follow,4
flower,4
flirt,4
fli,4
fifteen,4
fever,4
feet,4
februari,4
favour,4
explain,4
exact,4
essenti,4
esplanad,4
escap,4
envelop,4
effect,4
easier,4
due,4
drivin,4
dri,4
down,4
dictionari,4
develop,4
dem,4
def,4
dedic,4
dare,4
danc,4
cup,4
cud,4
cream,4
crash,4
convinc,4
confus,4
confid,4
closer,4
closedinclud,4
church,4
chicken,4
cheat,4
chase,4
cat,4
captain,4
cake,4
bye,4
burn,4
bud,4
btw,4
brilliant,4
bright,4
breath,4
brain,4
bought,4
both,4
bloodsend,4
bloodi,4
blackberri,4
bite,4
bishan,4
bin,4
bet,4
belovd,4
becoz,4
bay,4
balanc,4
aunt,4
atlanta,4
asap,4
appt,4
appli,4
appar,4
anytim,4
allow,4
aiyar,4
aiya,4
airport,4
affect,4
addict,4
act,4
ach,4
accident,4
acc,4
abi,4
åð,3
yummi,3
yor,3
yetund,3
yesh,3
xuhui,3
xavier,3
wt,3
ws,3
wrk,3
wn,3
wkg,3
wkend,3
wise,3
wisdom,3
wind,3
wifehow,3
whenevr,3
weû÷r,3
wet,3
welp,3
weigh,3
warn,3
walmart,3
waitu,3
vodka,3
violenc,3
villag,3
vettam,3
verifi,3
veget,3
vava,3
utter,3
usualiam,3
urgentlyit,3
urgentbut,3
unsold,3
univers,3
understood,3
unabl,3
ummmmmaah,3
twelv,3
tue,3
tree,3
transfr,3
tour,3
tomarrow,3
toll,3
tog,3
todaysundaysunday,3
toa,3
tirupur,3
thur,3
thm,3
thatû÷,3
thanksgiv,3
thangam,3
tessypl,3
terribl,3
temp,3
telphon,3
technic,3
teacher,3
tb,3
taylor,3
tast,3
tape,3
tabl,3
swtheart,3
swim,3
sweetest,3
supervisor,3
super,3
suntec,3
suffer,3
sub,3
stupidit,3
stuck,3
strike,3
str,3
storm,3
stomp,3
stomach,3
star,3
stamp,3
spring,3
spoil,3
spk,3
speechless,3
spare,3
soup,3
sorydarealyfrm,3
sori,3
softwar,3
soft,3
snake,3
slipper,3
slice,3
sleepingand,3
slap,3
size,3
siri,3
simpli,3
shut,3
shove,3
shorter,3
shortag,3
shock,3
shld,3
shija,3
shesil,3
seven,3
serv,3
sentenc,3
sen,3
seat,3
screen,3
scari,3
satisfi,3
rofl,3
roast,3
rich,3
resum,3
responcewhat,3
repair,3
releas,3
regret,3
recognis,3
receipt,3
reboot,3
rate,3
ranjith,3
rajipl,3
railway,3
radio,3
quickli,3
que,3
ptbo,3
prospect,3
proof,3
prolli,3
prey,3
prabhaim,3
pout,3
pour,3
pongal,3
po,3
phne,3
philosophi,3
pg,3
period,3
perform,3
perfect,3
payoh,3
payment,3
packag,3
own,3
outstand,3
oreo,3
orang,3
option,3
opportun,3
onward,3
okthenwhat,3
okok,3
okey,3
oic,3
offici,3
officeunderstand,3
off,3
occupi,3
nurungu,3
nokia,3
nitro,3
nimyapl,3
nimya,3
neighbour,3
ne,3
natuit,3
nap,3
nan,3
msging,3
motiv,3
morrow,3
morphin,3
moralon,3
monkey,3
mmmm,3
missin,3
minnaminungint,3
milk,3
middl,3
mi,3
messeng,3
messageno,3
mess,3
medicin,3
measur,3
market,3
margaret,3
maneesha,3
mall,3
major,3
maga,3
macho,3
mac,3
lvblefrnd,3
lturlgt,3
low,3
lousi,3
loud,3
loos,3
lone,3
lock,3
lip,3
lifpartnr,3
lido,3
latest,3
lacsther,3
lacsthat,3
knacker,3
kkim,3
kano,3
kadeem,3
june,3
juici,3
jstfrnd,3
jst,3
journey,3
jog,3
jo,3
jealou,3
jason,3
jan,3
ja,3
itû÷,3
island,3
ipad,3
iouri,3
invnt,3
instal,3
inning,3
incid,3
imposs,3
ikea,3
idiot,3
ic,3
husband,3
hun,3
honeybe,3
holidayso,3
hol,3
hm,3
histori,3
hint,3
him,3
hide,3
hesit,3
here,3
her,3
headach,3
haiz,3
hahahaus,3
guilti,3
grahmbel,3
goodnit,3
gona,3
gmgngegn,3
girlfrnd,3
gim,3
gentleman,3
gay,3
gautham,3
garden,3
garag,3
gang,3
gain,3
ful,3
fuckin,3
fring,3
freez,3
fran,3
forevr,3
foreign,3
footprint,3
flow,3
floor,3
flash,3
flake,3
five,3
fish,3
fire,3
fightng,3
fell,3
fee,3
fear,3
favourit,3
favor,3
fave,3
fathima,3
faster,3
fantast,3
fair,3
f,3
execut,3
exe,3
excit,3
evn,3
event,3
ese,3
erm,3
enuff,3
elsewher,3
eight,3
educ,3
eaten,3
earn,3
ear,3
each,3
dubsack,3
dsnt,3
drunk,3
dresser,3
doggi,3
distanc,3
display,3
dislik,3
disconnect,3
dirti,3
digniti,3
dificult,3
diff,3
diamond,3
despar,3
depress,3
deni,3
delay,3
death,3
dearli,3
deari,3
dearer,3
dayu,3
dark,3
cutefrnd,3
cricket,3
cramp,3
crack,3
crab,3
courag,3
countri,3
count,3
constantli,3
comedi,3
combin,3
cn,3
cloth,3
clo,3
citizen,3
choic,3
china,3
chillin,3
chill,3
child,3
chechi,3
cheaper,3
challeng,3
chain,3
certainli,3
caught,3
carri,3
career,3
cardiff,3
cannt,3
camera,3
callsmessagesmiss,3
callin,3
california,3
calicut,3
calcul,3
buzi,3
butt,3
buff,3
bstfrnd,3
browni,3
brotha,3
bottom,3
bottl,3
born,3
booti,3
boat,3
bmw,3
blood,3
bloo,3
bloke,3
blame,3
blake,3
blah,3
birth,3
birla,3
bigger,3
beyond,3
bell,3
bein,3
behav,3
beg,3
bat,3
avent,3
avatar,3
auto,3
audit,3
attach,3
atm,3
arun,3
arriv,3
arng,3
argh,3
apologis,3
anywher,3
anythin,3
anti,3
american,3
amaz,3
alwi,3
along,3
allah,3
alcohol,3
afraid,3
adventur,3
addi,3
aathiwher,3
aathilov,3
aah,3
ìll,2
yunni,2
yourself,2
yesher,2
yellow,2
yell,2
yeh,2
yck,2
xin,2
xam,2
wwwfullonsmscom,2
wuld,2
wud,2
wrnog,2
wrench,2
woulda,2
worst,2
worldveri,2
woot,2
women,2
woken,2
wo,2
wld,2
wiskey,2
wishin,2
wihtuot,2
wifi,2
whom,2
whn,2
whatsup,2
west,2
wesley,2
welltak,2
weirdest,2
wee,2
weasel,2
waxsto,2
wave,2
wate,2
wale,2
waht,2
wahe,2
vth,2
viva,2
violat,2
video,2
vibrat,2
vewi,2
vega,2
ve,2
vday,2
variou,2
vale,2
vagu,2
vaazhthukk,2
usc,2
usb,2
urgent,2
upto,2
upstair,2
upset,2
upload,2
unnecessarili,2
unknown,2
unintent,2
unhappi,2
unfortun,2
unemploy,2
underwear,2
under,2
unconsci,2
unbeliev,2
ultimatum,2
uh,2
ubi,2
twenti,2
tsunami,2
truli,2
truffl,2
truck,2
transport,2
traffic,2
trade,2
toshiba,2
tortilla,2
toot,2
toopray,2
tooo,2
tool,2
tomorro,2
tomoc,2
tomeandsaidthi,2
tom,2
tok,2
tmrw,2
tming,2
tlk,2
tiwari,2
tirunelvali,2
tight,2
thx,2
threw,2
thread,2
thot,2
thgt,2
thesi,2
these,2
therer,2
theme,2
thatll,2
terrorist,2
terrif,2
tension,2
telli,2
telephon,2
teeth,2
tee,2
tech,2
tc,2
taxi,2
tap,2
tank,2
taken,2
tahan,2
tag,2
taco,2
swt,2
swoop,2
switch,2
swiss,2
sweeti,2
sweetheart,2
swatch,2
sux,2
superior,2
sunlight,2
sucker,2
submit,2
stuf,2
stretch,2
stranger,2
strang,2
stick,2
steam,2
steal,2
stayin,2
statu,2
statement,2
starv,2
stare,2
stalk,2
staff,2
sri,2
sport,2
spoon,2
splle,2
spile,2
specif,2
specialis,2
soul,2
sorryin,2
sorrow,2
sooooo,2
soo,2
snowman,2
snog,2
sn,2
smeon,2
smell,2
smash,2
smart,2
slot,2
slip,2
slightli,2
slide,2
sleepwellamptak,2
sleepsweet,2
sleepin,2
sleepi,2
skip,2
sitll,2
sip,2
sinco,2
simpler,2
silver,2
silenc,2
signific,2
sib,2
sian,2
shu,2
shot,2
shoppin,2
shoe,2
shja,2
shitload,2
shine,2
shi,2
shelf,2
sheffield,2
shampain,2
shake,2
shahjahan,2
sex,2
sever,2
senthil,2
sentdat,2
sensit,2
sendernam,2
sem,2
section,2
secretari,2
scroung,2
scratch,2
scotland,2
scotch,2
scold,2
scienc,2
schedul,2
sathya,2
sari,2
sarcast,2
sarcasm,2
sarasota,2
sar,2
sam,2
salon,2
sake,2
saidif,2
sacrific,2
sack,2
sachin,2
sac,2
ryan,2
rumour,2
rum,2
rub,2
royal,2
rob,2
river,2
risk,2
rightli,2
rice,2
rhythm,2
reward,2
revis,2
review,2
revers,2
restock,2
restaur,2
resend,2
repeat,2
remembr,2
rel,2
regular,2
reg,2
refil,2
reduc,2
redr,2
recoveri,2
reckon,2
recharg,2
recess,2
reassur,2
reaction,2
raj,2
rael,2
race,2
ra,2
quiet,2
q,2
puttin,2
purs,2
purchas,2
punish,2
proverb,2
protect,2
propsd,2
propos,2
properti,2
properli,2
program,2
profil,2
professor,2
prof,2
priscilla,2
princ,2
previou,2
prescript,2
prepaid,2
prabha,2
pouch,2
potenti,2
postcard,2
poop,2
pool,2
pongaldo,2
politician,2
poker,2
poem,2
plm,2
plaza,2
placement,2
pickl,2
petrol,2
permiss,2
perhap,2
peni,2
pend,2
pc,2
paye,2
patti,2
pattern,2
path,2
passwordsatmsm,2
partnership,2
parco,2
paragon,2
paperwork,2
pap,2
panic,2
pan,2
pale,2
paint,2
owe,2
ovul,2
outag,2
otsid,2
os,2
oooh,2
ola,2
oktak,2
oil,2
oi,2
odi,2
occur,2
nydc,2
nuther,2
nowi,2
noun,2
nothin,2
northampton,2
noi,2
nit,2
niswt,2
nichol,2
nicenicehow,2
nic,2
neither,2
neighbor,2
neft,2
ned,2
necklac,2
neck,2
necessarili,2
necessari,2
nearli,2
nb,2
nanni,2
nahi,2
nagar,2
nag,2
musthu,2
muchi,2
mth,2
mt,2
msn,2
msgsd,2
mp,2
mouth,2
mountain,2
motorola,2
mostli,2
morow,2
moro,2
monthli,2
mokka,2
mojibiola,2
mmmmmm,2
mmmmm,2
ml,2
mitsak,2
miser,2
misbehav,2
minor,2
minimum,2
mini,2
million,2
messi,2
messagesom,2
mesag,2
mention,2
mental,2
memori,2
member,2
melt,2
mel,2
mega,2
mcat,2
mca,2
mb,2
mathemat,2
massiv,2
marrow,2
mandan,2
makin,2
main,2
mahal,2
mag,2
madam,2
maangalyam,2
lyfu,2
lyf,2
lv,2
lush,2
lttr,2
lst,2
loxahatche,2
lower,2
lovingli,2
lovem,2
lov,2
loung,2
lou,2
lotwil,2
lotta,2
london,2
login,2
lodg,2
locat,2
lo,2
lk,2
liter,2
lion,2
lil,2
lib,2
length,2
laundri,2
languag,2
langport,2
lane,2
landlin,2
land,2
lag,2
l,2
kz,2
kudiyarasu,2
kthen,2
kr,2
kothi,2
konw,2
knee,2
kkwhi,2
kkwhere,2
kkwhen,2
kindli,2
kg,2
keralacircl,2
kent,2
kegger,2
ke,2
kay,2
kavalan,2
karaok,2
kappa,2
kaiez,2
juan,2
jsut,2
jolt,2
jolli,2
jokin,2
joanna,2
jiayin,2
jia,2
jerri,2
jenni,2
jen,2
jean,2
jd,2
jaya,2
japanes,2
jane,2
jame,2
jacket,2
itåõ,2
itz,2
itwhichturnedinto,2
itu,2
itlet,2
itleav,2
iron,2
involv,2
invest,2
intent,2
instantli,2
inr,2
innoc,2
infront,2
info,2
infect,2
indyarockscom,2
independ,2
inde,2
inconveni,2
inconsider,2
improv,2
impati,2
imp,2
imag,2
ie,2
ideal,2
icicibankcom,2
ibn,2
ia,2
hyde,2
hunt,2
hunni,2
hundr,2
human,2
huge,2
hrishi,2
hppnss,2
howard,2
hor,2
hon,2
holi,2
hex,2
herlov,2
heri,2
henc,2
helloooo,2
helen,2
heater,2
heartheart,2
heartgn,2
headin,2
havin,2
havenåõt,2
hardli,2
happili,2
handsom,2
hamster,2
ham,2
hallaq,2
halfth,2
habit,2
gving,2
gv,2
gudnitetcpractic,2
gudk,2
gthr,2
ground,2
groovi,2
greatest,2
greatbhaji,2
grave,2
grandma,2
grace,2
gpu,2
gotten,2
goto,2
gossip,2
goodo,2
goodnoon,2
goodfriend,2
goodenviron,2
gn,2
gm,2
given,2
giv,2
gist,2
girld,2
gin,2
gibb,2
gf,2
geva,2
geniu,2
geeeee,2
gastroenter,2
garbag,2
ganesh,2
galileo,2
furnitur,2
funer,2
function,2
fujitsu,2
front,2
fret,2
freedom,2
fraud,2
four,2
formclark,2
format,2
forgotten,2
forgiven,2
forgiv,2
footbal,2
foot,2
fo,2
fml,2
flip,2
flight,2
flame,2
flaki,2
fit,2
finewhen,2
fineabsolutli,2
financ,2
field,2
femal,2
favorit,2
farm,2
fan,2
fal,2
faggi,2
fab,2
ey,2
expos,2
exmpel,2
exet,2
evrydi,2
evri,2
evrey,2
evr,2
everywher,2
everyday,2
eveb,2
eva,2
ethreat,2
eta,2
error,2
ericsson,2
epsilon,2
entir,2
entertain,2
engin,2
engag,2
en,2
emerg,2
electr,2
elect,2
elain,2
elabor,2
ela,2
eighth,2
eek,2
ee,2
edward,2
edison,2
ebay,2
east,2
easili,2
durban,2
dumb,2
dt,2
drunken,2
drpd,2
driver,2
drinkin,2
dreamsmuah,2
dr,2
dough,2
doubt,2
dorm,2
donno,2
dokey,2
doinghow,2
dock,2
dobbi,2
diwali,2
divis,2
distract,2
discount,2
disclos,2
director,2
direct,2
dippeditinadew,2
ding,2
dine,2
dime,2
difficulti,2
didnû÷t,2
didnåõt,2
dick,2
dhina,2
devour,2
deu,2
determin,2
despit,2
desper,2
desir,2
desert,2
deposit,2
depart,2
dentist,2
demand,2
delhi,2
dehydr,2
degre,2
defeat,2
deeraj,2
deepak,2
decim,2
dearslp,2
dealer,2
daysh,2
dawhat,2
datoday,2
danger,2
dan,2
daili,2
dahow,2
curri,2
curiou,2
cross,2
crore,2
creepi,2
creep,2
creativ,2
craziest,2
crap,2
cousin,2
countin,2
cough,2
costum,2
cope,2
cooki,2
convert,2
control,2
contract,2
continu,2
constant,2
conform,2
confirmd,2
conduct,2
concert,2
concern,2
complaint,2
complain,2
competit,2
commerci,2
color,2
cock,2
cochin,2
coat,2
coast,2
cnn,2
cme,2
cliff,2
click,2
clever,2
clearli,2
cld,2
christ,2
chocol,2
chip,2
chest,2
cherish,2
chees,2
charl,2
cha,2
center,2
castor,2
carolin,2
careswt,2
cappuccino,2
canal,2
canada,2
cam,2
calm,2
calld,2
callcoz,2
cali,2
båõday,2
buyer,2
buse,2
buffet,2
bruv,2
bruce,2
brought,2
broken,2
broad,2
bristol,2
brief,2
bread,2
brandi,2
brand,2
brah,2
boyfriend,2
borrow,2
bone,2
blur,2
bluff,2
blow,2
bloodblood,2
blog,2
block,2
bleh,2
blanket,2
birthdat,2
biola,2
billion,2
bewar,2
beneficiari,2
beneath,2
ben,2
belov,2
belong,2
beliv,2
bedrm,2
bec,2
bear,2
bck,2
bc,2
batch,2
base,2
bang,2
ball,2
bagi,2
babysit,2
ba,2
ayn,2
aww,2
av,2
audrey,2
attract,2
attempt,2
atlast,2
ashley,2
aris,2
aproach,2
approv,2
approach,2
applic,2
applebe,2
apolog,2
anthoni,2
anot,2
annoy,2
anniversari,2
anni,2
anna,2
andro,2
andr,2
amus,2
amongst,2
ami,2
although,2
aliv,2
album,2
alaipayuth,2
aka,2
airtel,2
aid,2
ahsen,2
agre,2
agalla,2
affection,2
aeroplan,2
aeronaut,2
adult,2
administr,2
admin,2
actor,2
accomod,2
accid,2
access,2
academ,2
aburo,2
abj,2
abil,2
ûthank,1
ìïll,1
åôrent,1
åômorrow,1
åè,1
~,1
zyada,1
zoom,1
zogtoriu,1
zoe,1
zindgi,1
zhong,1
zero,1
zealand,1
zaher,1
zac,1
z,1
ywhere,1
yupz,1
yuou,1
yummmm,1
ystrdayic,1
yoyyooo,1
yowif,1
yovil,1
youû÷ll,1
youåõr,1
youwhen,1
youwanna,1
youuuuu,1
youthat,1
youso,1
yourjob,1
youphon,1
younger,1
young,1
youmoney,1
youmi,1
yould,1
youkwher,1
youi,1
youhow,1
youdo,1
youdearwith,1
youcarlo,1
youani,1
yorg,1
yijuehotmailcom,1
yifeng,1
yi,1
yetti,1
yessura,1
yesmum,1
yesim,1
yesgauti,1
yesfrom,1
yesbut,1
yeovil,1
yen,1
yelowi,1
yeesh,1
yeahand,1
yday,1
yaxxx,1
yaxx,1
yavnt,1
yam,1
yalru,1
yalrigu,1
yah,1
yago,1
xxxxxxxxxxxxxx,1
xxxxxxxx,1
xxxxxxx,1
xxxxx,1
xxxx,1
xoxo,1
wuldnt,1
wudnt,1
wthout,1
wth,1
wtc,1
wrote,1
wrongtak,1
wrongli,1
wrld,1
wrking,1
wrkin,1
wrki,1
writh,1
wright,1
wreck,1
wrd,1
wound,1
woul,1
wotz,1
wotu,1
worthless,1
worryus,1
worryc,1
worriedx,1
worm,1
worldmay,1
worldgnun,1
workout,1
worklov,1
workand,1
workag,1
wordsevri,1
wordnot,1
worc,1
woozl,1
woould,1
woohoo,1
woodland,1
woo,1
wondarful,1
wondar,1
womdarful,1
wocay,1
woah,1
wnevr,1
wlcome,1
wknd,1
wizzl,1
witout,1
witot,1
witin,1
withdraw,1
wishlist,1
wiproy,1
wipro,1
winterston,1
windi,1
willpow,1
wildlif,1
wikipediacom,1
wifedont,1
wicket,1
wick,1
wi,1
whr,1
whose,1
whore,1
whisper,1
whilltak,1
whileamp,1
while,1
wherr,1
wherevr,1
wherebtw,1
wherear,1
whenwher,1
whenr,1
wheellock,1
wheel,1
wheat,1
whatû÷,1
whassup,1
weû÷ll,1
weåõv,1
wewa,1
wetherspoon,1
westshor,1
westonzoyland,1
western,1
wereth,1
werent,1
werebor,1
werear,1
wenwecan,1
wenev,1
wendi,1
wellyou,1
welli,1
wellda,1
weiyi,1
weirdo,1
weirdi,1
weightloss,1
weighthaha,1
weekday,1
weeddefici,1
weddin,1
websitenow,1
webpag,1
webadr,1
weapon,1
waythi,1
waysmscom,1
watt,1
watrdayno,1
watll,1
watevr,1
watev,1
watchng,1
watchin,1
wasnû÷t,1
wasnåõt,1
washob,1
warwick,1
warner,1
ward,1
waqt,1
wantcom,1
wannatel,1
walsal,1
wallet,1
walkin,1
walkabout,1
walik,1
waitshould,1
waiti,1
wahleykkumshar,1
waheeda,1
wahay,1
wahala,1
wadebridgei,1
wad,1
waaaat,1
vtire,1
vs,1
vpist,1
voucher,1
vomitin,1
volcano,1
voila,1
vldo,1
viveki,1
vivek,1
vitamin,1
vital,1
visitor,1
visitne,1
visa,1
virtual,1
virgin,1
virgil,1
vinobanagar,1
vill,1
vilikkamt,1
vikkyim,1
vijaykanth,1
view,1
vidnot,1
victoria,1
victor,1
vic,1
vibrant,1
versu,1
venugop,1
venaam,1
velusami,1
velli,1
velacheri,1
vehicl,1
veggi,1
vasai,1
varma,1
vargu,1
varaya,1
valuemorn,1
vai,1
uxxxx,1
uworld,1
uve,1
uv,1
uup,1
uteru,1
usp,1
uso,1
usno,1
usml,1
uslet,1
usget,1
user,1
useless,1
uscedu,1
urmomi,1
url,1
urin,1
urgoin,1
urgh,1
urfeel,1
upyeh,1
upsetit,1
upseti,1
upon,1
upnot,1
uphad,1
upcharg,1
uothrwis,1
unusu,1
until,1
unsoldnow,1
unsoldmik,1
unrecogn,1
unni,1
unmit,1
unlik,1
univ,1
unit,1
uniquei,1
uniqu,1
uniform,1
unfortuntli,1
unfold,1
unev,1
undrstndng,1
undrstnd,1
underdtand,1
uncut,1
uncount,1
unconvinc,1
uncondit,1
uncomfort,1
un,1
ummmawil,1
um,1
ultim,1
uk,1
ujhhhhhhh,1
uin,1
uif,1
ui,1
uhhhhrmm,1
uham,1
ugo,1
ugadi,1
ucal,1
ubandu,1
uawakefeellikw,1
typic,1
typelyk,1
txt~journey,1
txting,1
twitter,1
twin,1
twigg,1
twat,1
tvlol,1
tvhe,1
tuth,1
turkey,1
tunji,1
tund,1
tulsi,1
tul,1
tui,1
tshirt,1
tryin,1
truro,1
truekdo,1
trubl,1
trouser,1
troubleshoot,1
tron,1
triumph,1
trishul,1
trend,1
trek,1
treatin,1
treasur,1
treadmil,1
treacl,1
trauma,1
trash,1
transferacc,1
transcrib,1
tranquil,1
tram,1
trainner,1
tradit,1
tp,1
toyota,1
towndontmatt,1
toughest,1
tote,1
toss,1
tosend,1
tortur,1
torrent,1
tor,1
toplay,1
topicsorri,1
topic,1
tootsi,1
toothpast,1
toolet,1
tookplac,1
toniteth,1
tonitebusi,1
tongu,1
tonght,1
ton,1
tomorw,1
tomorrowtoday,1
tomorrowcal,1
toler,1
toledo,1
toldsh,1
tol,1
token,1
toke,1
tohar,1
todo,1
todayh,1
todaygood,1
todaydo,1
todaybut,1
tocallshal,1
tobe,1
tobacco,1
toaday,1
tmw,1
tmorrowpl,1
tke,1
tiz,1
tix,1
titleso,1
tisscotays,1
tirunelvai,1
tip,1
timin,1
timi,1
timeyour,1
timey,1
timeslil,1
timehop,1
timedhoni,1
tim,1
tiim,1
tigress,1
tightli,1
tiempo,1
thuglyf,1
thu,1
thrurespect,1
thrown,1
throwin,1
thriller,1
threat,1
thout,1
thousand,1
thousadi,1
thoughtsi,1
thou,1
thoso,1
thnx,1
thnovbehind,1
thkin,1
thisdon,1
thirunelvali,1
thinl,1
thinkthi,1
thinghow,1
thin,1
thia,1
theyll,1
thewend,1
theth,1
theseyour,1
theseday,1
therexx,1
therel,1
theregoodnight,1
theplac,1
theoret,1
thenwil,1
themp,1
them,1
thekingshead,1
theater,1
theacus,1
thatåõscool,1
thatworzel,1
thatnow,1
thatmum,1
thati,1
thatdont,1
thatd,1
thasa,1
thanxxx,1
thankyou,1
thanku,1
thangamit,1
thandiyachu,1
than,1
textin,1
textbook,1
texd,1
texa,1
tex,1
tesco,1
terror,1
terri,1
terminatedw,1
teresa,1
tens,1
tendenc,1
temper,1
temal,1
telugutht,1
telugu,1
tellmiss,1
teju,1
teethif,1
teethi,1
technolog,1
teacoffe,1
tayseertissco,1
taxt,1
taxless,1
tax,1
taught,1
tau,1
tata,1
tarpon,1
tantrum,1
tamilnaduthen,1
tallent,1
tallahasse,1
tall,1
talkin,1
talkbut,1
takenonli,1
takecar,1
taka,1
taj,1
tait,1
tai,1
tadaaaaa,1
tactless,1
tact,1
tackl,1
t,1
syrup,1
syria,1
sync,1
symptom,1
sympathet,1
symbol,1
syllabu,1
syd,1
swollen,1
swimsuit,1
swhrt,1
swell,1
sweatter,1
sweater,1
swear,1
swayz,1
sway,1
swashbuckl,1
swann,1
swan,1
swalpa,1
suzi,1
sutra,1
surya,1
survey,1
surround,1
surrend,1
surnam,1
surli,1
surgic,1
suprem,1
supportveri,1
supportprovid,1
suppli,1
supos,1
supli,1
superb,1
sunshin,1
sunscreen,1
sunroof,1
sunoco,1
sundayish,1
sumthinxx,1
sumthin,1
summon,1
summer,1
sumf,1
suitem,1
sugardad,1
suganya,1
suffici,1
sudn,1
suddenli,1
sudden,1
such,1
subtoitl,1
sublet,1
stylist,1
stun,1
stuffwhi,1
stuffmoro,1
stuffleav,1
studyn,1
studio,1
studentfinanci,1
studdi,1
stubborn,1
stu,1
struggl,1
strtd,1
strongli,1
stripe,1
strip,1
strict,1
strewn,1
stressful,1
streetshal,1
strangersaw,1
strain,1
storelik,1
stool,1
stoner,1
stitch,1
stink,1
stillmayb,1
stil,1
stifl,1
sticki,1
sthi,1
sth,1
steyn,1
stevelik,1
steve,1
sterm,1
sterl,1
stereo,1
steer,1
steed,1
steamboat,1
steak,1
state,1
stash,1
starti,1
startedindia,1
starshin,1
starer,1
stapati,1
stair,1
stagwood,1
stage,1
staffsciencenusedusg~phyhcmkteachingpc,1
stabl,1
stabil,1
ssnervou,1
ssindia,1
ssi,1
srt,1
srsli,1
sr,1
squishi,1
squid,1
squeez,1
squeeeeez,1
squat,1
sq,1
spunout,1
sprint,1
spreadsheet,1
spous,1
spotti,1
spot,1
spose,1
sportsx,1
sporad,1
spontan,1
sponsor,1
spoilt,1
splwat,1
split,1
splendid,1
splat,1
splash,1
spiritu,1
spirit,1
spiral,1
spinout,1
spin,1
spif,1
spice,1
spi,1
spele,1
specifi,1
spec,1
spatula,1
spark,1
spanish,1
spain,1
spageddi,1
spacebuck,1
soz,1
souveni,1
southern,1
soso,1
sortedbut,1
sorta,1
sorryi,1
sorrowsi,1
sopha,1
soooo,1
sooo,1
soonxxx,1
soonlot,1
soonc,1
sonot,1
soni,1
sonetim,1
sonathaya,1
somtim,1
somon,1
somewhr,1
somewheresomeon,1
somewhat,1
sometm,1
sometimerakheshvisitor,1
somerset,1
someplac,1
someonethat,1
someday,1
solihul,1
sold,1
soladha,1
soire,1
soil,1
socht,1
soc,1
soani,1
snuggl,1
snowboard,1
snowbal,1
snoringthey,1
sno,1
snicker,1
sneham,1
snd,1
snatch,1
smsing,1
smsd,1
smoothli,1
smokin,1
smith,1
smiley,1
smidgin,1
smear,1
smarter,1
smaller,1
smack,1
slurp,1
slove,1
slob,1
slipperi,1
slack,1
slaaaaav,1
skyve,1
skye,1
sky,1
skirt,1
skint,1
skinni,1
skateboard,1
skalli,1
six,1
sivatat,1
siva,1
sittin,1
sitter,1
sirsalam,1
sirjii,1
sink,1
singapor,1
sindu,1
simul,1
silli,1
siguviri,1
signin,1
signal,1
sif,1
sicomo,1
shun,1
shud,1
shrub,1
shrink,1
shrek,1
showroomsc,1
showr,1
shouldnû÷t,1
shoulder,1
shoul,1
shortli,1
shoreth,1
shore,1
shoranur,1
shopw,1
shopth,1
shola,1
shldxxxx,1
shivratri,1
shitstorm,1
shitjustfound,1
shitin,1
shite,1
shini,1
shindig,1
shijutta,1
shifad,1
shhhhh,1
sherawat,1
shelv,1
shb,1
shave,1
shatter,1
shape,1
shant,1
shanilrakhesh,1
shanghai,1
shangela,1
shakespear,1
shakara,1
shah,1
shadow,1
shade,1
sh,1
sfrom,1
sfirst,1
sfine,1
sez,1
seventeen,1
server,1
serena,1
septemb,1
sept,1
seperatedžö´ó‹û¬ud,1
sentiment,1
senthilhsbc,1
sensibl,1
sensesrespect,1
senrddnot,1
senor,1
semiobscur,1
semi,1
selfless,1
selfish,1
selfindepend,1
sehwag,1
seh,1
sef,1
seeno,1
seeker,1
seek,1
secur,1
secondari,1
sdrybi,1
sday,1
sd,1
sculptur,1
scrumptiou,1
screwd,1
scrappi,1
scrape,1
scous,1
scorabl,1
sceneri,1
scenario,1
scarcasim,1
sc,1
sbut,1
sayin,1
sayi,1
sayask,1
satì,1
satsoundåõ,1
satsgettin,1
satlov,1
sathi,1
satan,1
sashimi,1
sariyag,1
sapna,1
sao,1
santha,1
sankranti,1
sankatmochan,1
sane,1
sandiago,1
samu,1
sameso,1
sambarlif,1
samantha,1
samachara,1
salt,1
salmon,1
salespe,1
salesman,1
salam,1
salad,1
saibaba,1
sagamu,1
safeti,1
saeed,1
sachinjust,1
ryder,1
rv,1
rupaul,1
runninglet,1
rummer,1
rumbl,1
rugbi,1
rudi,1
rude,1
rubber,1
rto,1
rtm,1
rsi,1
rr,1
rowdi,1
rout,1
rounderso,1
rough,1
roomat,1
roller,1
roll,1
robinson,1
roadsrvx,1
ro,1
ritten,1
rip,1
rinu,1
rimac,1
riley,1
rightio,1
ridden,1
riddanc,1
rhode,1
reveal,1
reunion,1
retir,1
retard,1
resub,1
restwish,1
restuwud,1
restrict,1
resort,1
resolv,1
resolut,1
reslov,1
resiz,1
resid,1
reset,1
republ,1
reppurcuss,1
replyb,1
repent,1
renew,1
rencontr,1
remet,1
rememberi,1
remb,1
reltnship,1
reloc,1
religi,1
reliev,1
reliant,1
relationshipit,1
reject,1
registr,1
refund,1
refresh,1
reformat,1
reflex,1
reflect,1
reffer,1
referin,1
redim,1
recycl,1
recreat,1
recount,1
rechargerakhesh,1
recept,1
receiptsûówel,1
rec,1
rebtel,1
rebel,1
rearrang,1
reappli,1
realiti,1
readyal,1
react,1
rdi,1
rcbbattl,1
rayan,1
rawr,1
raviyog,1
ratio,1
rat,1
rape,1
ranju,1
randomlli,1
randomli,1
ramen,1
ramaduth,1
ralph,1
raksha,1
rakhesh,1
rajnik,1
rajitha,1
rajini,1
raja,1
raiden,1
rahul,1
raglan,1
radiat,1
quizz,1
quiteamuz,1
quarter,1
qing,1
qi,1
qet,1
qbank,1
qatarrakhesh,1
px,1
puzzl,1
puzzel,1
purpleu,1
pure,1
pura,1
puppi,1
punto,1
punch,1
pump,1
pudunga,1
publish,1
pubcaf,1
pthi,1
psychologist,1
psychiatrist,1
pshewmiss,1
prsn,1
provinc,1
provid,1
proper,1
prop,1
proov,1
prone,1
promptli,1
promot,1
promin,1
prometazin,1
progress,1
profit,1
product,1
processnetwork,1
processit,1
processexcel,1
probthat,1
problum,1
problm,1
problemi,1
problemfre,1
problembut,1
problemat,1
pro,1
priya,1
prix,1
privat,1
privaci,1
prioriti,1
prior,1
printer,1
princegn,1
prin,1
priest,1
pride,1
priceso,1
preview,1
prevent,1
pretsovru,1
pretsorginta,1
pretend,1
prestig,1
pressur,1
pressi,1
presnt,1
prescrib,1
prepon,1
premaricakindli,1
prem,1
pre,1
prayr,1
prayingwil,1
prayer,1
prashanthettan,1
prasanth,1
prasad,1
prap,1
prakesh,1
prakasamanu,1
prakasam,1
prais,1
practis,1
practicum,1
pract,1
prabu,1
poyyarikaturkolathupalayamunjalur,1
potato,1
postpon,1
posterod,1
postal,1
possiblehop,1
posibl,1
pose,1
porteg,1
portal,1
port,1
porridg,1
popcorn,1
poortiyagi,1
poorli,1
pooki,1
poo,1
ponnungal,1
pole,1
pokkiri,1
poke,1
poet,1
pocket,1
pock,1
poci,1
pocay,1
pmt,1
plural,1
plumbingremix,1
plumber,1
plum,1
plsi,1
plough,1
pleassssssseeeee,1
pleasant,1
playng,1
playin,1
playi,1
playerwhi,1
platt,1
plate,1
planeti,1
planet,1
plaid,1
placeno,1
pixel,1
piti,1
pisc,1
pint,1
pinku,1
pink,1
pimpleseven,1
pimpl,1
pillow,1
pile,1
piggi,1
pierr,1
piah,1
physic,1
phrase,1
photoshop,1
phonebook,1
philosoph,1
phil,1
phew,1
phd,1
phase,1
pharmaci,1
ph,1
petrolr,1
peteynoiåõm,1
petey,1
petei,1
pest,1
peski,1
perumbavoor,1
perspect,1
personmeet,1
persondi,1
persian,1
persev,1
perpetu,1
perman,1
peripher,1
peril,1
perfum,1
perf,1
percentag,1
percent,1
penni,1
pendingi,1
pendent,1
pen,1
pei,1
pehl,1
peep,1
pee,1
pear,1
peach,1
pe,1
paypal,1
payback,1
payasam,1
pax,1
pavanaputra,1
paul,1
patrick,1
patient,1
pathaya,1
patent,1
pataistha,1
passthey,1
passport,1
passabl,1
pase,1
paru,1
partner,1
particularli,1
particular,1
particip,1
parkph,1
parkin,1
parish,1
parentsi,1
parentnot,1
parchi,1
parantella,1
paranoid,1
paragraph,1
parad,1
parachut,1
paracetamol,1
papa,1
panti,1
pant,1
pansi,1
panren,1
panick,1
pandi,1
panalambut,1
palm,1
painit,1
painhop,1
pai,1
padhegm,1
packalso,1
pace,1
oyster,1
oyea,1
oxygen,1
owo,1
ownyouv,1
owl,1
ow,1
ovulatewhen,1
ovr,1
overtim,1
overh,1
overemphasiseor,1
overdos,1
overdid,1
overa,1
ovarian,1
outreach,1
outrag,1
outlr,1
outif,1
outhav,1
outfor,1
outfit,1
outdoor,1
oursso,1
ourback,1
ouch,1
othr,1
oscar,1
ortxt,1
origin,1
orh,1
organis,1
organ,1
ore,1
orc,1
orangei,1
oral,1
optimist,1
optic,1
opt,1
opposit,1
oppos,1
opportunitypl,1
opportunityal,1
opponent,1
opp,1
oper,1
openin,1
ooooooh,1
oooooh,1
ooh,1
onword,1
onum,1
onlymor,1
onlyfound,1
onlydon,1
onlybettr,1
onluy,1
onlinewhi,1
onit,1
onionr,1
oneta,1
onedg,1
ondu,1
onam,1
olowoyey,1
olol,1
ollubut,1
olayiwola,1
olav,1
olag,1
okvarunnathu,1
okor,1
okden,1
okday,1
okcom,1
ohi,1
oha,1
ogunrind,1
oga,1
ofsi,1
oficegot,1
ofic,1
offlin,1
officewhat,1
officethenampet,1
officestil,1
offens,1
offcampu,1
offc,1
ofcours,1
odalebeku,1
octob,1
oclock,1
oceand,1
occas,1
oblivi,1
oblising,1
object,1
obey,1
obes,1
obedi,1
oath,1
nìâte,1
nz,1
ny,1
nvq,1
nver,1
nutter,1
nusstu,1
nurseri,1
nurs,1
numberso,1
numberrespect,1
numberpl,1
nuerologist,1
nudist,1
nuclear,1
nu,1
ntswt,1
nte,1
nri,1
nowstil,1
nowonion,1
nowcan,1
nowadayslot,1
nowaday,1
novelti,1
nottingham,1
nottel,1
notixiqu,1
nothi,1
notebook,1
nosi,1
nosh,1
nose,1
north,1
norm,1
nordstrom,1
nora,1
noooooooo,1
nooooooo,1
nonetheless,1
nonenowher,1
noncomitt,1
non,1
nolistenedth,1
nojst,1
noit,1
noisi,1
nois,1
noic,1
nohe,1
nofew,1
nobut,1
nobl,1
nob,1
nmde,1
njan,1
nitz,1
nitw,1
nitetel,1
nipost,1
nino,1
ninish,1
nimbomson,1
nike,1
nigro,1
nigpun,1
nightsw,1
nightsexcel,1
nightnobodi,1
nightnight,1
nighter,1
nigh,1
nig,1
nicki,1
nickey,1
nhite,1
nh,1
newspap,1
newshyp,1
newscast,1
newsbi,1
newquaysend,1
newport,1
neway,1
nevr,1
nevil,1
netno,1
neth,1
netflix,1
neshanthtel,1
nervou,1
nelson,1
neglet,1
neglect,1
neg,1
neekunna,1
needl,1
needi,1
neededsalari,1
needa,1
necess,1
neces,1
nearer,1
nearbi,1
nbme,1
navig,1
nav,1
nauseou,1
natwest,1
nattil,1
nationwid,1
nasti,1
naseeb,1
narcot,1
nang,1
nammanna,1
namemi,1
nalli,1
nalla,1
nail,1
nacho,1
naal,1
mysteri,1
myspac,1
myself,1
mypar,1
mylif,1
mwah,1
mw,1
mutat,1
mutai,1
musta,1
mushi,1
mush,1
murali,1
mundh,1
mumha,1
mumbai,1
multipli,1
multimedia,1
multi,1
muht,1
muhommad,1
mufti,1
mudyadhu,1
muchxxlov,1
muchimped,1
muchand,1
mtnl,1
mssuman,1
msgsometext,1
ms,1
mrur,1
mro,1
mph,1
moviewat,1
mous,1
motor,1
motherinlaw,1
motherfuck,1
moseley,1
morrowxxxx,1
morro,1
morningtak,1
mornin,1
moraldont,1
monthnot,1
monster,1
monlrsx,1
monkeyaround,1
monkeespeopl,1
moneyi,1
moneya,1
moneeppolum,1
mondaynxt,1
molestedsomeon,1
mofo,1
modl,1
modelsoni,1
mnth,1
mn,1
mmmmmmm,1
mj,1
miwa,1
mittelschmertz,1
misundrstud,1
mistakeu,1
mist,1
missunderstd,1
misstak,1
misss,1
missionari,1
mission,1
missi,1
misscal,1
misplac,1
misfit,1
mise,1
mirror,1
minu,1
mint,1
minstand,1
minecraft,1
mineal,1
mindsetbeliev,1
mina,1
miltazindgi,1
miller,1
milkdayno,1
mileag,1
miiiiiiissssssssss,1
michael,1
mia,1
meummifyingby,1
method,1
messagepandi,1
meso,1
mesh,1
meremov,1
merememberin,1
mere,1
meowd,1
meow,1
meok,1
mentor,1
mentionedtomorrow,1
mene,1
memor,1
membershiptak,1
membership,1
melodi,1
melnit,1
melik,1
meiv,1
meim,1
meetitz,1
mee,1
medont,1
mecaus,1
meatbal,1
meat,1
mear,1
meaningless,1
meaning,1
mcr,1
mc,1
max,1
mattermsg,1
matric,1
matra,1
mathew,1
masteriast,1
massagetiepo,1
massag,1
maruti,1
marriageprogram,1
marrgeremembr,1
mari,1
maretar,1
marandratha,1
maraikara,1
mapquest,1
manual,1
manki,1
mango,1
maneg,1
mandara,1
mallika,1
malarki,1
maki,1
maili,1
mahfuuzmean,1
mahav,1
magicalsongsblogspotcom,1
maggi,1
magazin,1
madthen,1
madstini,1
madok,1
madodu,1
madamregret,1
macleran,1
mack,1
machin,1
machiani,1
macha,1
maat,1
maaaan,1
lyric,1
lyk,1
luxuri,1
luvnight,1
luvd,1
luton,1
lunsford,1
lunchyou,1
lunchtim,1
lul,1
luk,1
lucyxx,1
luckili,1
lubli,1
ltr,1
ltemailgt,1
lovli,1
lovin,1
loverakhesh,1
lovejen,1
loveabl,1
lotz,1
lotto,1
lotsli,1
lotr,1
loti,1
loser,1
lorw,1
lorgoin,1
loosu,1
looovvv,1
loooooool,1
lool,1
loo,1
lonlin,1
loneli,1
londn,1
lololo,1
lolnic,1
loko,1
logoff,1
locaxx,1
local,1
lobbi,1
lmaonic,1
lm,1
liver,1
litr,1
lit,1
listn,1
listeningth,1
liquor,1
lipo,1
linux,1
lingo,1
liney,1
linear,1
lindsay,1
limp,1
lim,1
likingb,1
likeyour,1
lightli,1
lighter,1
lifey,1
lifetim,1
lifethi,1
lifei,1
lifebook,1
lifeand,1
liaotoo,1
liaoso,1
li,1
level,1
leu,1
lesser,1
leonardo,1
leo,1
lennon,1
lemondayno,1
lekdog,1
lehhaha,1
leftov,1
leastwhich,1
leasttim,1
leannewhat,1
leagu,1
leafdayno,1
le,1
lb,1
laxinorf,1
lavend,1
lautech,1
lauri,1
lateso,1
latelyxxx,1
latei,1
latebut,1
lasagna,1
lark,1
lareadi,1
lara,1
lap,1
lanr,1
lanka,1
lancast,1
lamp,1
lambu,1
lambda,1
lakh,1
laid,1
lager,1
lage,1
laden,1
lack,1
lac,1
labor,1
kyou,1
kwish,1
kvb,1
kuch,1
ku,1
ktv,1
ksri,1
kote,1
kort,1
korli,1
korean,1
korch,1
kodthini,1
kodstini,1
kochi,1
ko,1
knowyetund,1
knowwait,1
knowthi,1
known,1
knowh,1
knock,1
kkyesterday,1
kkwhat,1
kkthi,1
kkit,1
kkgoodstudi,1
kkfrom,1
kkcongratul,1
kkare,1
kkapo,1
kkani,1
kkadvanc,1
kittum,1
kitti,1
kit,1
kisi,1
kip,1
kintu,1
kim,1
kilo,1
kickbox,1
kicchu,1
khelat,1
kgood,1
kgive,1
kfc,1
keypad,1
keri,1
keng,1
keluviri,1
keen,1
kdo,1
kbut,1
kaypoh,1
katexxx,1
karo,1
karnan,1
kanowhr,1
kanoil,1
kanoanyway,1
kanji,1
kane,1
kanagu,1
kama,1
kalstiyathen,1
kall,1
kalisidar,1
kalainar,1
kalaachutaarama,1
kaitlyn,1
kaila,1
kafter,1
kaaj,1
juswok,1
justifi,1
justbeen,1
jurong,1
junna,1
jungl,1
jumper,1
jump,1
julianaland,1
juliana,1
juli,1
jule,1
judgementali,1
js,1
jp,1
jot,1
jordan,1
jontin,1
jone,1
jon,1
jokethet,1
joker,1
joinedso,1
joinedhop,1
johnåósound,1
jod,1
jjc,1
jide,1
ji,1
jez,1
jewelri,1
jetton,1
jet,1
jerk,1
jeremiah,1
jenn,1
jelli,1
jeevithathil,1
jeetey,1
je,1
jb,1
jaz,1
jaykwon,1
jap,1
janx,1
janarig,1
jam,1
jaklin,1
jade,1
jacuzzi,1
jackson,1
jack,1
jabo,1
iûºm,1
iû÷v,1
iåõv,1
iåõllspeak,1
iåõd,1
iwasmarinethatåõ,1
iwana,1
ivatt,1
itxx,1
itxt,1
ittb,1
itsnot,1
itriedtel,1
itor,1
itnow,1
itna,1
itmay,1
itmail,1
itll,1
itjust,1
iti,1
iter,1
item,1
itboth,1
isnûºt,1
isnû÷t,1
isnåõt,1
islov,1
ishtamayoohappi,1
iscom,1
isar,1
isaiahd,1
irulina,1
iriv,1
ireneer,1
iraq,1
iphon,1
ipaditan,1
ip,1
invoic,1
investig,1
invent,1
intrud,1
intrepid,1
into,1
intim,1
intha,1
interviw,1
intern,1
interfu,1
intend,1
instruct,1
inst,1
inspect,1
inshah,1
insha,1
insect,1
inperson,1
inperialmus,1
inour,1
innu,1
inner,1
inmind,1
inlud,1
ink,1
initi,1
ingredi,1
ing,1
infra,1
informedrgdsrakheshkerala,1
influx,1
infact,1
inev,1
individualtim,1
individu,1
indianpl,1
ind,1
increas,1
incomm,1
imprtant,1
impost,1
impos,1
importantli,1
implic,1
immunis,1
imin,1
imf,1
imat,1
imaginationmi,1
ima,1
ilol,1
ileav,1
iknow,1
ikno,1
ijust,1
ifwhenhow,1
ifink,1
iff,1
idu,1
idp,1
identif,1
idconvey,1
idc,1
icon,1
icki,1
icic,1
iccha,1
ibuprofen,1
ibor,1
ibm,1
hypotheticalhuagauahahuagahyuhagga,1
hypertens,1
hwkeep,1
hwd,1
hut,1
hustl,1
hussey,1
hurrican,1
hunonbu,1
hunnywot,1
hunnyhop,1
hunlov,1
hungov,1
hundredh,1
hum,1
huim,1
hui,1
hugh,1
hudgi,1
hubbi,1
huai,1
hu,1
hsbc,1
hp,1
howv,1
howr,1
howdi,1
howda,1
housework,1
hourish,1
hostil,1
hostbas,1
hors,1
hopeu,1
hopeafternoon,1
hoop,1
hooch,1
hoo,1
hont,1
honi,1
honeymoon,1
honeydid,1
honestli,1
honesti,1
honest,1
homewot,1
homelov,1
homeleft,1
homecheck,1
homebut,1
hollalat,1
hole,1
holbi,1
hogolo,1
hogli,1
hogidhechinnu,1
hockey,1
hmph,1
hmmmstill,1
hmmmm,1
hmmmkbut,1
hmmmi,1
hmmmhow,1
hmmmbut,1
hmmbad,1
hme,1
hlday,1
hiwhat,1
hittng,1
hitteranyway,1
hitman,1
hitler,1
hitechn,1
hisher,1
hire,1
hiphop,1
himthen,1
himso,1
hillsborough,1
hilariousalso,1
hii,1
hidid,1
hidden,1
hict,1
hhahhaahahah,1
heåõ,1
heygreat,1
herwil,1
herwho,1
hersh,1
heron,1
heroi,1
hermi,1
herethanksi,1
hererememb,1
herepl,1
hep,1
hen,1
heltiniiyo,1
hellohow,1
hellogorg,1
hellodrivbyquit,1
held,1
heehe,1
hectic,1
heavili,1
heaven,1
heat,1
heartsnot,1
hearin,1
heap,1
healthi,1
healer,1
heal,1
headû,1
headstart,1
hdd,1
hcl,1
haventcn,1
haven,1
haunt,1
haul,1
haughaighgtujhyguj,1
hat,1
hassl,1
hasbroin,1
harri,1
harlem,1
harish,1
hari,1
hardest,1
harder,1
hardcor,1
happiest,1
happier,1
happenin,1
hanumanji,1
hanuman,1
hannaford,1
hank,1
hangin,1
hanger,1
hamper,1
halla,1
hall,1
haiyoh,1
hairdress,1
haircut,1
hail,1
hahatak,1
hadya,1
hadnt,1
habbahw,1
h,1
gyno,1
gyna,1
gymnast,1
gwr,1
gut,1
gurl,1
guoyang,1
gumbi,1
guitar,1
guild,1
guidanc,1
guessin,1
gudnyt,1
gudnit,1
gudni,1
gucci,1
guai,1
gua,1
gs,1
grumpi,1
grumbl,1
grr,1
growrandom,1
grownup,1
grown,1
grow,1
groundamla,1
groov,1
grocer,1
grinul,1
grinder,1
grief,1
grfun,1
greeni,1
greec,1
greatli,1
greatby,1
gre,1
graze,1
gray,1
gravi,1
grate,1
grasp,1
grant,1
grandfath,1
gran,1
graduat,1
grab,1
gower,1
gowait,1
gover,1
gotmarri,1
gotani,1
gota,1
gossx,1
gosri,1
gosh,1
gopalettan,1
goodwhen,1
goodtimeoli,1
goodno,1
goodmorningmi,1
goodmat,1
goodfin,1
goodeven,1
gooddhanush,1
gonnamissu,1
gong,1
goneu,1
golden,1
gold,1
gokila,1
goinb,1
goigng,1
goggl,1
godyou,1
godtaken,1
godnot,1
godid,1
gobi,1
goal,1
goa,1
gloucesterroad,1
gloriou,1
glori,1
glo,1
glass,1
glasgow,1
gland,1
givit,1
girli,1
gimmi,1
giggl,1
gibe,1
ghodbandar,1
getsleep,1
geti,1
getha,1
gete,1
getanth,1
ger,1
gep,1
geoenvironment,1
genu,1
gene,1
gek,1
gei,1
geelat,1
gdthe,1
gdnow,1
gaze,1
gayl,1
gaug,1
gate,1
garment,1
gandhipuram,1
gam,1
galsu,1
galno,1
galcan,1
gailxx,1
gail,1
fwiw,1
fuuuuck,1
fusion,1
funki,1
fundament,1
fumbl,1
fulfil,1
fuell,1
fudg,1
fuckinniceselfish,1
ft,1
frwd,1
frosti,1
frontiervil,1
fro,1
frnt,1
frndz,1
frndsship,1
frndshp,1
friendshipmotherfatherteacherschildren,1
friendsar,1
friendofafriend,1
fridg,1
fridayhop,1
fresher,1
fresh,1
frequent,1
french,1
freeli,1
freek,1
fredericksburg,1
freaki,1
franyxxxxx,1
franxx,1
franki,1
frankgood,1
fp,1
fox,1
fowler,1
foward,1
fourth,1
fortun,1
forth,1
formsdon,1
formallypl,1
formal,1
form,1
forgt,1
forfeit,1
foreg,1
footi,1
footblcrckt,1
fondli,1
fond,1
followin,1
fold,1
fne,1
flyim,1
flute,1
flurri,1
flung,1
fluid,1
florida,1
flood,1
float,1
flippin,1
flim,1
flew,1
fletcher,1
flea,1
flavour,1
flatter,1
fizz,1
fixd,1
fite,1
fishrman,1
fishhead,1
firsg,1
firmwar,1
firesar,1
fireplac,1
firefox,1
finn,1
finishd,1
fineinshah,1
financi,1
finalis,1
fifti,1
fifth,1
fiendmak,1
fieldof,1
fidalf,1
ffffuuuuuuu,1
ffffffffff,1
fffff,1
festiv,1
feng,1
fellow,1
feelingwav,1
feelin,1
feed,1
fedex,1
febapril,1
featheri,1
fav,1
faultf,1
faultal,1
fatti,1
fate,1
fastpl,1
fassyol,1
fart,1
famou,1
familymay,1
familiar,1
famamu,1
fallen,1
falconerf,1
fakey,1
fakemi,1
fake,1
faitheven,1
faith,1
faint,1
failur,1
faglord,1
fade,1
factori,1
facil,1
faceasssssholeee,1
faber,1
exwif,1
extract,1
extermin,1
ext,1
explicitli,1
expiredso,1
expert,1
exorc,1
exist,1
exhibit,1
exercis,1
exchang,1
ew,1
evon,1
evo,1
evil,1
evict,1
evey,1
everytim,1
everythin,1
everyso,1
everyboy,1
eventu,1
evei,1
evapor,1
evalu,1
europ,1
ettan,1
ethnic,1
etern,1
establish,1
essay,1
espel,1
eshxxxxxxxxxxx,1
escal,1
esaplanad,1
eryth,1
erutupalam,1
erupt,1
eruku,1
ertini,1
err,1
ericson,1
equal,1
epi,1
envi,1
enufcredeit,1
entrop,1
entrepreneur,1
entey,1
ennal,1
enna,1
enketa,1
enjoyin,1
england,1
engalnd,1
endow,1
endless,1
enc,1
enam,1
employe,1
employ,1
emot,1
emili,1
emigr,1
embassi,1
embarrass,1
ello,1
elliot,1
eleven,1
eleph,1
eldest,1
elaya,1
elama,1
el,1
eightish,1
ego,1
eggspert,1
eggpotato,1
egbon,1
effici,1
eerulli,1
edukkukaye,1
edrunk,1
edit,1
edha,1
edg,1
ecstasi,1
eckankar,1
easter,1
easiest,1
earthsofa,1
earliest,1
earlierw,1
eachoth,1
dysentri,1
dwn,1
dvg,1
dvd,1
duvet,1
dust,1
dusk,1
durham,1
duo,1
dungere,1
dump,1
dull,1
duffer,1
dudett,1
duck,1
dub,1
dual,1
dryer,1
drunkard,1
drum,1
drugdeal,1
drove,1
drmstake,1
drm,1
drizzl,1
drinkpa,1
dreamz,1
dreamsu,1
dreamlov,1
dread,1
drastic,1
dramat,1
dramastorm,1
drama,1
downstem,1
downon,1
doug,1
doublefaggot,1
dot,1
dosometh,1
dose,1
dormitori,1
doom,1
donyt,1
dontgettext,1
donew,1
domain,1
dom,1
dolld,1
doll,1
doke,1
doingwhat,1
doinat,1
dogwood,1
dogg,1
dogbreath,1
doesnû÷t,1
doesnåõt,1
doesdiscountshitinnit,1
dodgey,1
dodda,1
document,1
dlf,1
dled,1
dl,1
dizzamn,1
divorc,1
divert,1
ditto,1
disturbancemight,1
dismissi,1
dismay,1
diskyou,1
diseas,1
disc,1
disastr,1
disast,1
disappoint,1
disappear,1
disagre,1
dirt,1
dip,1
dino,1
dinnermsg,1
dinero,1
dimens,1
dileepthank,1
digit,1
digi,1
differb,1
diesel,1
didntgiv,1
diddi,1
dict,1
dice,1
diaper,1
dialogu,1
dial,1
dhort,1
dhoni,1
dha,1
deyi,1
deyhop,1
devic,1
detroit,1
detailsi,1
destini,1
destin,1
dessert,1
desk,1
design,1
deserv,1
descript,1
describ,1
derp,1
der,1
dental,1
dent,1
dengra,1
deliveri,1
delici,1
del,1
defo,1
definitli,1
defer,1
deer,1
deduct,1
decor,1
declar,1
deck,1
decent,1
decad,1
dec,1
debat,1
deartak,1
dearshal,1
dearregret,1
dearrakhesh,1
dearm,1
dearlov,1
deam,1
dealfarm,1
deadwel,1
dd,1
db,1
daywith,1
daysì¬n,1
dayswil,1
daysso,1
daylov,1
dayha,1
dayexcept,1
dawn,1
dawher,1
dave,1
daurgent,1
data,1
dasara,1
darlinim,1
darker,1
dapleas,1
dao,1
dang,1
dane,1
dancin,1
dancc,1
danalla,1
dammit,1
dajst,1
dahe,1
dagood,1
dado,1
dabook,1
dabbl,1
daalway,1
daal,1
cyst,1
cyclist,1
cya,1
cutter,1
cuti,1
cutest,1
curtsey,1
curfew,1
cuppa,1
cupboard,1
cultur,1
culdnt,1
cudnt,1
cuck,1
cttergg,1
ctter,1
cttargg,1
ctla,1
cthen,1
ctargg,1
ctagg,1
cstore,1
crush,1
cruisin,1
cruis,1
cruel,1
crucifi,1
crucial,1
crowd,1
crisisspk,1
crisi,1
crickit,1
cribb,1
cresubi,1
cram,1
craigslist,1
cr,1
cp,1
cozsomtim,1
cozi,1
coveragd,1
courtroom,1
court,1
coupla,1
countinlot,1
couldnåõt,1
coulda,1
cougarpen,1
couch,1
cosign,1
corvett,1
corrupt,1
correctli,1
correctionor,1
corrct,1
corpor,1
cornwal,1
corect,1
cooper,1
coop,1
convincingjust,1
convers,1
conveni,1
contribut,1
contin,1
contain,1
consist,1
conserv,1
consent,1
consensu,1
congratul,1
confirmdeni,1
configur,1
confer,1
conect,1
conditionand,1
condit,1
conclus,1
con,1
computerless,1
compulsori,1
compromis,1
comprehens,1
compofstuff,1
compliment,1
complex,1
complac,1
compass,1
companion,1
comp,1
commun,1
commit,1
comment,1
command,1
comingtmorow,1
comingdown,1
comfort,1
comfey,1
cometil,1
comei,1
comedyc,1
comb,1
com,1
collegexx,1
collaps,1
collag,1
coldheard,1
colani,1
coimbator,1
coher,1
code,1
coco,1
cocksuck,1
coccoon,1
coax,1
coach,1
cm,1
clue,1
club,1
clover,1
cloud,1
closebi,1
clearer,1
claypot,1
classmat,1
clash,1
clarifi,1
clarif,1
clair,1
cla,1
cl,1
citylink,1
citi,1
cin,1
ciao,1
chuckin,1
chuck,1
christmassi,1
christmasmerri,1
christian,1
chore,1
chord,1
chop,1
chk,1
chiong,1
chinki,1
chinchilla,1
chinatown,1
chillaxin,1
chile,1
childporn,1
chikkuwat,1
chikkusimpl,1
chikkuk,1
chikkuil,1
chikkugo,1
chikkudb,1
chikkub,1
chikkuali,1
chief,1
chick,1
chic,1
chez,1
cheyyamoand,1
chex,1
chess,1
cherthalain,1
chequ,1
chennaii,1
chennaibecaus,1
chef,1
cheeto,1
cheesi,1
cheeri,1
cheek,1
checkup,1
checkmat,1
checkin,1
checkbox,1
chastiti,1
charm,1
charli,1
chapter,1
chapel,1
channel,1
champlaxig,1
champ,1
chad,1
chachi,1
certif,1
ceri,1
cereal,1
cer,1
centuri,1
censu,1
ceil,1
cedar,1
cd,1
ccna,1
caveboy,1
cave,1
categori,1
casualti,1
cast,1
carton,1
carso,1
carryin,1
carpark,1
carolina,1
carlosl,1
carlin,1
carli,1
careumma,1
carent,1
careless,1
careinsha,1
careabout,1
cardin,1
capit,1
capac,1
cap,1
canû÷t,1
canåõt,1
canteen,1
cantdo,1
canlov,1
candont,1
camri,1
camp,1
callurg,1
callon,1
callingforgot,1
calldrov,1
cage,1
cabl,1
cab,1
bû÷ham,1
byåóleafcutt,1
byatch,1
bw,1
buzzzz,1
button,1
butther,1
busyi,1
busetop,1
burrito,1
burnt,1
burial,1
burgundi,1
burger,1
burden,1
bunker,1
bunch,1
bullshit,1
bull,1
built,1
buen,1
buddi,1
btwn,1
bthmm,1
bsnl,1
bsn,1
brum,1
browsin,1
browser,1
brotherû÷,1
broth,1
brolli,1
broadband,1
brison,1
brisk,1
brin,1
brilliantthingi,1
brilliantli,1
brighten,1
bridgwat,1
bridg,1
bribe,1
breezi,1
breez,1
breather,1
breakin,1
breakfast,1
breadstick,1
brdget,1
brb,1
brave,1
brat,1
brainless,1
braini,1
bra,1
bpo,1
boyi,1
boyf,1
bowa,1
boutxx,1
boundari,1
boughtåóbraindanceåóa,1
bot,1
bornpleas,1
borin,1
borderlin,1
boooo,1
bookshelf,1
bookedth,1
boob,1
bong,1
bomb,1
bollox,1
bognor,1
boggi,1
boatin,1
board,1
bluray,1
blueu,1
blown,1
blimey,1
blessget,1
bleak,1
blastin,1
blacko,1
blackim,1
blackand,1
bk,1
biro,1
bimbo,1
bilo,1
billi,1
bike,1
biggest,1
bid,1
biatch,1
bian,1
bhayandar,1
bhaskar,1
bfore,1
bff,1
bevieswaz,1
beverag,1
bettersn,1
betta,1
beth,1
beta,1
bestrpli,1
bestcongrat,1
besid,1
benni,1
benefit,1
bend,1
belt,1
belliger,1
bellearli,1
behalf,1
begun,1
beggar,1
beforew,1
beforehand,1
beerr,1
beerag,1
beendrop,1
beehoon,1
beeen,1
bedroomlov,1
becz,1
becau,1
beautifulmay,1
beat,1
bead,1
beach,1
bcz,1
bcozi,1
bcaz,1
bbq,1
bbdtht,1
bbdpooja,1
bawl,1
batt,1
batsman,1
bathroom,1
batchlor,1
basqihav,1
basketbal,1
basket,1
bash,1
barrel,1
barolla,1
barm,1
bari,1
barcelona,1
bao,1
banter,1
bani,1
bandag,1
bambl,1
bam,1
balloon,1
baller,1
bakrid,1
bakra,1
bajarangabali,1
baig,1
badrith,1
badli,1
backward,1
backa,1
bac,1
babyjontet,1
babyhop,1
babesozi,1
baaaaab,1
baaaaaaaab,1
ayo,1
ay,1
axi,1
ax,1
awww,1
awkward,1
award,1
await,1
avo,1
avin,1
avenu,1
aveng,1
avalarr,1
availablethey,1
availablei,1
ava,1
autocorrect,1
authoris,1
aust,1
august,1
audri,1
audiit,1
auctionpunj,1
auction,1
atyour,1
attribut,1
attractioni,1
attitud,1
attent,1
atten,1
attack,1
atroci,1
atleast,1
athom,1
athlet,1
asusu,1
asu,1
astronom,1
astrolog,1
astoundingli,1
astn,1
asthma,1
asther,1
associ,1
assist,1
asshol,1
assess,1
aspect,1
aslamalaikkuminsha,1
asia,1
ashwini,1
ash,1
asda,1
asapok,1
asa,1
arul,1
arti,1
arr,1
arpraveesh,1
aroundn,1
arnt,1
arngd,1
armenia,1
arithmet,1
argentina,1
aretak,1
arestaur,1
ardìä,1
archiv,1
arabian,1
arab,1
aquariu,1
aptitud,1
apt,1
approx,1
appropri,1
applespairsal,1
appledayno,1
appi,1
appendix,1
appear,1
appeal,1
apologet,1
apo,1
apnt,1
aphexåõ,1
apeshit,1
ape,1
anythingtomorrow,1
anythi,1
anyplac,1
anyhow,1
antibiot,1
antelop,1
answr,1
answerin,1
annoyin,1
announc,1
anjola,1
anji,1
anim,1
angel,1
andrewsboy,1
andor,1
anderson,1
anand,1
analysi,1
anal,1
ana,1
amx,1
amrita,1
amrca,1
amplikat,1
amor,1
among,1
ammo,1
ammaelif,1
amk,1
amigo,1
ambrithmaduraimet,1
ambiti,1
alwa,1
alternativehop,1
alter,1
alsoor,1
alritehav,1
alrightokay,1
alreadysabarish,1
alot,1
allo,1
allday,1
allalo,1
allahrakhesh,1
allahmeet,1
alivebett,1
alibi,1
alian,1
ali,1
algorithm,1
algebra,1
alett,1
aldrin,1
albumquit,1
albi,1
alaikkumprid,1
ak,1
ajith,1
aig,1
ahwhat,1
ahth,1
ahold,1
ahnow,1
ahhhhjust,1
ahhh,1
ahge,1
agocusoon,1
agidhan,1
agesr,1
agent,1
agenc,1
against,1
againlov,1
againcal,1
afterward,1
afternon,1
african,1
africa,1
afghanistan,1
afford,1
affidavit,1
affectionsamp,1
afew,1
advis,1
adsens,1
adress,1
admiti,1
admit,1
admiss,1
adjust,1
adi,1
adewal,1
addressul,1
actin,1
acnt,1
acknowledg,1
acid,1
achiev,1
achanammarakheshqatar,1
accumul,1
accordinglyor,1
accordingli,1
accordin,1
accentur,1
accent,1
abus,1
abstract,1
absolut,1
absenc,1
abouta,1
abnorm,1
abel,1
abeg,1
abdomen,1
abbey,1
aaooooright,1
aaniy,1
aa,1
